"Rank","StoreIndex","MappingIndex","Name","Bytes","MiB","Family","ProposedVerdict","Reason","ProofGate"
"1","368","184","Mono.Android.dll","41884984","39.945","ANDROID_PLATFORM","ANDROID_PLATFORM","Android framework binding/interop substrate.","Boot, lifecycle, Binder, Surface, IME, and recovery receipts."
"2","192","96","System.Private.CoreLib.dll","18663760","17.799","BCL","UNPROVEN_BCL","Framework assembly; keep only with explicit reference/capability evidence.","Static reference closure plus boot/runspace/console/integration smoke."
"3","200","100","System.Private.Xml.dll","8924496","8.511","BCL","UNPROVEN_BCL","Framework assembly; keep only with explicit reference/capability evidence.","Static reference closure plus boot/runspace/console/integration smoke."
"4","450","225","System.Management.Automation.dll","7232312","6.897","POWERSHELL","CORE_SMA","Runspace, parser, AST, pipelines, ETS, formatting, reflection.","Create runspace; parse; execute; format objects; recover."
"5","390","195","Microsoft.CodeAnalysis.CSharp.dll","6895408","6.576","ROSLYN","REMOVE","Roslyn compiler payload or satellite resource.","No Add-Type/Roslyn path; PS1->typed IL/RyuJIT smoke stays green."
"6","136","68","System.Linq.Expressions.dll","4861224","4.636","LANGUAGE_RUNTIME","CORE_EMIT","Expression compilation and SMA dynamic binding feed executable shapes to RyuJIT.","Compile and invoke an expression-generated delegate on Android."
"7","60","30","System.Data.Common.dll","3186000","3.038","BCL","UNPROVEN_BCL","Framework assembly; keep only with explicit reference/capability evidence.","Static reference closure plus boot/runspace/console/integration smoke."
"8","388","194","Microsoft.CodeAnalysis.dll","3066128","2.924","ROSLYN","REMOVE","Roslyn compiler payload or satellite resource.","No Add-Type/Roslyn path; PS1->typed IL/RyuJIT smoke stays green."
"9","298","149","System.Text.Json.dll","2747688","2.62","BCL","UNPROVEN_BCL","Framework assembly; keep only with explicit reference/capability evidence.","Static reference closure plus boot/runspace/console/integration smoke."
"10","276","138","System.Security.Cryptography.dll","2543952","2.426","BCL","UNPROVEN_BCL","Framework assembly; keep only with explicit reference/capability evidence.","Static reference closure plus boot/runspace/console/integration smoke."
"11","474","237","System.ServiceModel.Primitives.dll","2392136","2.281","NON_ANDROID_CARGO","REMOVE_CANDIDATE","Windows/enterprise/desktop capability not admitted to Android core.","Reference proof plus isolated omission smoke."
"12","194","97","System.Private.DataContractSerialization.dll","2365224","2.256","BCL","UNPROVEN_BCL","Framework assembly; keep only with explicit reference/capability evidence.","Static reference closure plus boot/runspace/console/integration smoke."
"13","148","74","System.Net.Http.dll","1951528","1.861","NETWORK","CORE_NETWORK","CDN/client reach is a first-class runtime capability.","Fetch a local and remote artifact with HttpClient on Android."
"14","134","67","System.Linq.AsyncEnumerable.dll","1635112","1.559","BCL","UNPROVEN_BCL","Framework assembly; keep only with explicit reference/capability evidence.","Static reference closure plus boot/runspace/console/integration smoke."
"15","20","10","Microsoft.VisualBasic.Core.dll","1337168","1.275","BCL","UNPROVEN_BCL","Framework assembly; keep only with explicit reference/capability evidence.","Static reference closure plus boot/runspace/console/integration smoke."
"16","212","106","System.Reflection.Metadata.dll","1275688","1.217","LANGUAGE_RUNTIME","CORE_EMIT","Metadata inspection and mechanical assembly emission are explicit product capabilities.","Read symbols/metadata and emit an audited bootstrap or payload without Roslyn."
"17","440","220","System.Private.Windows.Core.dll","1204520","1.149","NON_ANDROID_CARGO","REMOVE_CANDIDATE","Windows/enterprise/desktop capability not admitted to Android core.","Reference proof plus isolated omission smoke."
"18","34","17","System.Collections.Immutable.dll","1176360","1.122","LANGUAGE_RUNTIME","KEEP_IF_CLOSURE","Common metadata/AST dependency; keep when required by the proven compiler closure.","Static closure plus AST and metadata emit smoke."
"19","300","150","System.Text.RegularExpressions.dll","1156392","1.103","BCL","UNPROVEN_BCL","Framework assembly; keep only with explicit reference/capability evidence.","Static reference closure plus boot/runspace/console/integration smoke."
"20","138","69","System.Linq.Parallel.dll","1010512","0.964","BCL","UNPROVEN_BCL","Framework assembly; keep only with explicit reference/capability evidence.","Static reference closure plus boot/runspace/console/integration smoke."
"21","426","213","System.Data.SqlClient.dll","958736","0.914","NON_ANDROID_CARGO","REMOVE_CANDIDATE","Windows/enterprise/desktop capability not admitted to Android core.","Reference proof plus isolated omission smoke."
"22","0","0","Microsoft.CSharp.dll","883496","0.843","BCL","UNPROVEN_BCL","Framework assembly; keep only with explicit reference/capability evidence.","Static reference closure plus boot/runspace/console/integration smoke."
"23","50","25","System.ComponentModel.TypeConverter.dll","865104","0.825","BCL","UNPROVEN_BCL","Framework assembly; keep only with explicit reference/capability evidence.","Static reference closure plus boot/runspace/console/integration smoke."
"24","290","145","System.Text.Encoding.CodePages.dll","864552","0.825","BCL","UNPROVEN_BCL","Framework assembly; keep only with explicit reference/capability evidence.","Static reference closure plus boot/runspace/console/integration smoke."
"25","142","71","System.Linq.dll","845608","0.806","BCL","UNPROVEN_BCL","Framework assembly; keep only with explicit reference/capability evidence.","Static reference closure plus boot/runspace/console/integration smoke."
"26","398","199","Microsoft.PowerShell.Commands.Utility.dll","827192","0.789","PWSH_COMMANDS","OPTIONAL_PWSH","Command assembly, not the SMA/runspace core.","Load on demand; representative commands and unload/failure behavior."
"27","108","54","System.IO.Compression.dll","750928","0.716","BCL","UNPROVEN_BCL","Framework assembly; keep only with explicit reference/capability evidence.","Static reference closure plus boot/runspace/console/integration smoke."
"28","412","206","Newtonsoft.Json.dll","723368","0.69","SMA_DEPENDENCY","UNPROVEN_SMA_DEP","Declared stock SMA dependency; actual Android requirement must be proven.","Runspace/parser/serialization/remoting-format receipts without/with it."
"29","172","86","System.Net.Sockets.dll","697128","0.665","NETWORK","CORE_SERVE","Direct client/server sockets are the minimal no-framework serving substrate.","Bind loopback, accept a connection, exchange bytes, and tear down cleanly."
"30","166","83","System.Net.Security.dll","685864","0.654","NETWORK","CORE_SERVE","TLS must remain available to emitted and scripted services.","Complete an authenticated local TLS exchange on Android."
"31","534","267","ru/Microsoft.CodeAnalysis.CSharp.resources.dll","629512","0.6","ROSLYN","REMOVE","Roslyn compiler payload or satellite resource.","No Add-Type/Roslyn path; PS1->typed IL/RyuJIT smoke stays green."
"32","152","76","System.Net.Mail.dll","626984","0.598","BCL","UNPROVEN_BCL","Framework assembly; keep only with explicit reference/capability evidence.","Static reference closure plus boot/runspace/console/integration smoke."
"33","70","35","System.Diagnostics.DiagnosticSource.dll","568656","0.542","BCL","UNPROVEN_BCL","Framework assembly; keep only with explicit reference/capability evidence.","Static reference closure plus boot/runspace/console/integration smoke."
"34","308","154","System.Threading.Tasks.Dataflow.dll","526632","0.502","BCL","UNPROVEN_BCL","Framework assembly; keep only with explicit reference/capability evidence.","Static reference closure plus boot/runspace/console/integration smoke."
"35","526","263","ja/Microsoft.CodeAnalysis.CSharp.resources.dll","521488","0.497","ROSLYN","REMOVE","Roslyn compiler payload or satellite resource.","No Add-Type/Roslyn path; PS1->typed IL/RyuJIT smoke stays green."
"36","244","122","System.Runtime.Numerics.dll","504104","0.481","BCL","UNPROVEN_BCL","Framework assembly; keep only with explicit reference/capability evidence.","Static reference closure plus boot/runspace/console/integration smoke."
"37","382","191","Markdig.Signed.dll","489984","0.467","PWSH_AUXILIARY","REMOVE_OR_OPTIONAL","Help/markdown/schema convenience cargo.","Core help, formatting, and console receipts without it."
"38","522","261","fr/Microsoft.CodeAnalysis.CSharp.resources.dll","480016","0.458","ROSLYN","REMOVE","Roslyn compiler payload or satellite resource.","No Add-Type/Roslyn path; PS1->typed IL/RyuJIT smoke stays green."
"39","530","265","pl/Microsoft.CodeAnalysis.CSharp.resources.dll","479536","0.457","ROSLYN","REMOVE","Roslyn compiler payload or satellite resource.","No Add-Type/Roslyn path; PS1->typed IL/RyuJIT smoke stays green."
"40","528","264","ko/Microsoft.CodeAnalysis.CSharp.resources.dll","477968","0.456","ROSLYN","REMOVE","Roslyn compiler payload or satellite resource.","No Add-Type/Roslyn path; PS1->typed IL/RyuJIT smoke stays green."
"41","518","259","de/Microsoft.CodeAnalysis.CSharp.resources.dll","476936","0.455","ROSLYN","REMOVE","Roslyn compiler payload or satellite resource.","No Add-Type/Roslyn path; PS1->typed IL/RyuJIT smoke stays green."
"42","94","47","System.Formats.Tar.dll","474408","0.452","BCL","UNPROVEN_BCL","Framework assembly; keep only with explicit reference/capability evidence.","Static reference closure plus boot/runspace/console/integration smoke."
"43","524","262","it/Microsoft.CodeAnalysis.CSharp.resources.dll","472848","0.451","ROSLYN","REMOVE","Roslyn compiler payload or satellite resource.","No Add-Type/Roslyn path; PS1->typed IL/RyuJIT smoke stays green."
"44","520","260","es/Microsoft.CodeAnalysis.CSharp.resources.dll","466704","0.445","ROSLYN","REMOVE","Roslyn compiler payload or satellite resource.","No Add-Type/Roslyn path; PS1->typed IL/RyuJIT smoke stays green."
"45","532","266","pt-BR/Microsoft.CodeAnalysis.CSharp.resources.dll","458512","0.437","ROSLYN","REMOVE","Roslyn compiler payload or satellite resource.","No Add-Type/Roslyn path; PS1->typed IL/RyuJIT smoke stays green."
"46","536","268","tr/Microsoft.CodeAnalysis.CSharp.resources.dll","453392","0.432","ROSLYN","REMOVE","Roslyn compiler payload or satellite resource.","No Add-Type/Roslyn path; PS1->typed IL/RyuJIT smoke stays green."
"47","516","258","cs/Microsoft.CodeAnalysis.CSharp.resources.dll","446216","0.426","ROSLYN","REMOVE","Roslyn compiler payload or satellite resource.","No Add-Type/Roslyn path; PS1->typed IL/RyuJIT smoke stays green."
"48","420","210","System.Configuration.ConfigurationManager.dll","445224","0.425","BCL","UNPROVEN_BCL","Framework assembly; keep only with explicit reference/capability evidence.","Static reference closure plus boot/runspace/console/integration smoke."
"49","74","37","System.Diagnostics.Process.dll","442152","0.422","BCL","UNPROVEN_BCL","Framework assembly; keep only with explicit reference/capability evidence.","Static reference closure plus boot/runspace/console/integration smoke."
"50","198","99","System.Private.Xml.Linq.dll","440104","0.42","BCL","UNPROVEN_BCL","Framework assembly; keep only with explicit reference/capability evidence.","Static reference closure plus boot/runspace/console/integration smoke."
"51","438","219","System.Drawing.Common.dll","421672","0.402","NON_ANDROID_CARGO","REMOVE_CANDIDATE","Windows/enterprise/desktop capability not admitted to Android core.","Reference proof plus isolated omission smoke."
"52","396","198","Microsoft.PowerShell.Commands.Management.dll","419128","0.4","PWSH_COMMANDS","OPTIONAL_PWSH","Command assembly, not the SMA/runspace core.","Load on demand; representative commands and unload/failure behavior."
"53","164","82","System.Net.Requests.dll","412456","0.393","BCL","UNPROVEN_BCL","Framework assembly; keep only with explicit reference/capability evidence.","Static reference closure plus boot/runspace/console/integration smoke."
"54","538","269","zh-Hans/Microsoft.CodeAnalysis.CSharp.resources.dll","404232","0.386","ROSLYN","REMOVE","Roslyn compiler payload or satellite resource.","No Add-Type/Roslyn path; PS1->typed IL/RyuJIT smoke stays green."
"55","540","270","zh-Hant/Microsoft.CodeAnalysis.CSharp.resources.dll","404232","0.386","ROSLYN","REMOVE","Roslyn compiler payload or satellite resource.","No Add-Type/Roslyn path; PS1->typed IL/RyuJIT smoke stays green."
"56","162","81","System.Net.Quic.dll","393000","0.375","BCL","UNPROVEN_BCL","Framework assembly; keep only with explicit reference/capability evidence.","Static reference closure plus boot/runspace/console/integration smoke."
"57","324","162","System.Transactions.Local.dll","391464","0.373","BCL","UNPROVEN_BCL","Framework assembly; keep only with explicit reference/capability evidence.","Static reference closure plus boot/runspace/console/integration smoke."
"58","384","192","Microsoft.ApplicationInsights.dll","386080","0.368","TELEMETRY","REMOVE","Azure/Application Insights telemetry dependency.","Boot and SMA receipts with assembly absent."
"59","486","243","System.Web.Services.Description.dll","385080","0.367","NON_ANDROID_CARGO","REMOVE_CANDIDATE","Windows/enterprise/desktop capability not admitted to Android core.","Reference proof plus isolated omission smoke."
"60","374","187","Humanizer.dll","355944","0.339","PWSH_AUXILIARY","REMOVE_OR_OPTIONAL","Help/markdown/schema convenience cargo.","Core help, formatting, and console receipts without it."
"61","208","104","System.Reflection.Emit.dll","341800","0.326","LANGUAGE_RUNTIME","CORE_EMIT","Direct IL and dynamic-method emission are non-negotiable; Roslyn is not required.","Emit a typed method, let RyuJIT compile it, invoke it, and verify the result."
"62","40","20","System.Collections.dll","324392","0.309","BCL","UNPROVEN_BCL","Framework assembly; keep only with explicit reference/capability evidence.","Static reference closure plus boot/runspace/console/integration smoke."
"63","150","75","System.Net.HttpListener.dll","324392","0.309","BCL","UNPROVEN_BCL","Framework assembly; keep only with explicit reference/capability evidence.","Static reference closure plus boot/runspace/console/integration smoke."
"64","380","190","JsonSchema.Net.dll","311808","0.297","PWSH_AUXILIARY","REMOVE_OR_OPTIONAL","Help/markdown/schema convenience cargo.","Core help, formatting, and console receipts without it."
"65","484","242","System.Speech.dll","311592","0.297","NON_ANDROID_CARGO","REMOVE_CANDIDATE","Windows/enterprise/desktop capability not admitted to Android core.","Reference proof plus isolated omission smoke."
"66","400","200","Microsoft.PowerShell.ConsoleHost.dll","303928","0.29","PWSH_HOST","REMOVE","Desktop/full-SDK hosting personality; Android console owns session and cells.","SMA-managed console and optional pwsh personality operate without it."
"67","458","229","System.Security.Cryptography.Pkcs.dll","303440","0.289","BCL","UNPROVEN_BCL","Framework assembly; keep only with explicit reference/capability evidence.","Static reference closure plus boot/runspace/console/integration smoke."
"68","416","208","System.ComponentModel.Composition.dll","297296","0.284","NON_ANDROID_CARGO","REMOVE_CANDIDATE","Windows/enterprise/desktop capability not admitted to Android core.","Reference proof plus isolated omission smoke."
"69","422","211","System.Data.Odbc.dll","297256","0.283","NON_ANDROID_CARGO","REMOVE_CANDIDATE","Windows/enterprise/desktop capability not admitted to Android core.","Reference proof plus isolated omission smoke."
"70","638","319","ru/System.ServiceModel.Primitives.resources.dll","292888","0.279","NON_ANDROID_CARGO","REMOVE_CANDIDATE","Windows/enterprise/desktop capability not admitted to Android core.","Reference proof plus isolated omission smoke."
"71","362","181","Java.Interop.dll","268136","0.256","ANDROID_PLATFORM","ANDROID_PLATFORM","Android framework binding/interop substrate.","Boot, lifecycle, Binder, Surface, IME, and recovery receipts."
"72","42","21","System.ComponentModel.Annotations.dll","262992","0.251","BCL","UNPROVEN_BCL","Framework assembly; keep only with explicit reference/capability evidence.","Static reference closure plus boot/runspace/console/integration smoke."
"73","92","46","System.Formats.Asn1.dll","262952","0.251","BCL","UNPROVEN_BCL","Framework assembly; keep only with explicit reference/capability evidence.","Static reference closure plus boot/runspace/console/integration smoke."
"74","182","91","System.Net.WebSockets.dll","261968","0.25","NETWORK","CORE_SERVE","Object-aware console and remote surfaces need a duplex browser-friendly transport.","Serve or accept a WebSocket and exchange framed console data."
"75","196","98","System.Private.Uri.dll","259408","0.247","BCL","UNPROVEN_BCL","Framework assembly; keep only with explicit reference/capability evidence.","Static reference closure plus boot/runspace/console/integration smoke."
"76","630","315","ja/System.ServiceModel.Primitives.resources.dll","251976","0.24","NON_ANDROID_CARGO","REMOVE_CANDIDATE","Windows/enterprise/desktop capability not admitted to Android core.","Reference proof plus isolated omission smoke."
"77","160","80","System.Net.Primitives.dll","248616","0.237","NETWORK","CORE_SERVE","Foundational networking contracts for direct clients and servers.","Satisfied by socket, HTTP, TLS, and WebSocket proof lanes."
"78","394","197","Microsoft.Management.Infrastructure.dll","228392","0.218","THIRD_PARTY_OR_APP","UNPROVEN","Not yet assigned to a lawful Android capability.","Identify owner and execute isolated removal receipt."
"79","622","311","de/System.ServiceModel.Primitives.resources.dll","223304","0.213","NON_ANDROID_CARGO","REMOVE_CANDIDATE","Windows/enterprise/desktop capability not admitted to Android core.","Reference proof plus isolated omission smoke."
"80","626","313","fr/System.ServiceModel.Primitives.resources.dll","222752","0.212","NON_ANDROID_CARGO","REMOVE_CANDIDATE","Windows/enterprise/desktop capability not admitted to Android core.","Reference proof plus isolated omission smoke."
"81","140","70","System.Linq.Queryable.dll","222504","0.212","BCL","UNPROVEN_BCL","Framework assembly; keep only with explicit reference/capability evidence.","Static reference closure plus boot/runspace/console/integration smoke."
"82","632","316","ko/System.ServiceModel.Primitives.resources.dll","222280","0.212","NON_ANDROID_CARGO","REMOVE_CANDIDATE","Windows/enterprise/desktop capability not admitted to Android core.","Reference proof plus isolated omission smoke."
"83","634","317","pl/System.ServiceModel.Primitives.resources.dll","222272","0.212","NON_ANDROID_CARGO","REMOVE_CANDIDATE","Windows/enterprise/desktop capability not admitted to Android core.","Reference proof plus isolated omission smoke."
"84","628","314","it/System.ServiceModel.Primitives.resources.dll","217112","0.207","NON_ANDROID_CARGO","REMOVE_CANDIDATE","Windows/enterprise/desktop capability not admitted to Android core.","Reference proof plus isolated omission smoke."
"85","624","312","es/System.ServiceModel.Primitives.resources.dll","215112","0.205","NON_ANDROID_CARGO","REMOVE_CANDIDATE","Windows/enterprise/desktop capability not admitted to Android core.","Reference proof plus isolated omission smoke."
"86","636","318","pt-BR/System.ServiceModel.Primitives.resources.dll","213024","0.203","NON_ANDROID_CARGO","REMOVE_CANDIDATE","Windows/enterprise/desktop capability not admitted to Android core.","Reference proof plus isolated omission smoke."
"87","124","62","System.IO.Pipelines.dll","209192","0.2","BCL","UNPROVEN_BCL","Framework assembly; keep only with explicit reference/capability evidence.","Static reference closure plus boot/runspace/console/integration smoke."
"88","620","310","cs/System.ServiceModel.Primitives.resources.dll","208968","0.199","NON_ANDROID_CARGO","REMOVE_CANDIDATE","Windows/enterprise/desktop capability not admitted to Android core.","Reference proof plus isolated omission smoke."
"89","640","320","tr/System.ServiceModel.Primitives.resources.dll","208416","0.199","NON_ANDROID_CARGO","REMOVE_CANDIDATE","Windows/enterprise/desktop capability not admitted to Android core.","Reference proof plus isolated omission smoke."
"90","462","231","System.Security.Cryptography.Xml.dll","206120","0.197","BCL","UNPROVEN_BCL","Framework assembly; keep only with explicit reference/capability evidence.","Static reference closure plus boot/runspace/console/integration smoke."
"91","466","233","System.ServiceModel.Http.dll","204872","0.195","NON_ANDROID_CARGO","REMOVE_CANDIDATE","Windows/enterprise/desktop capability not admitted to Android core.","Reference proof plus isolated omission smoke."
"92","468","234","System.ServiceModel.NetFramingBase.dll","199240","0.19","NON_ANDROID_CARGO","REMOVE_CANDIDATE","Windows/enterprise/desktop capability not admitted to Android core.","Reference proof plus isolated omission smoke."
"93","16","8","Microsoft.Extensions.Options.dll","188240","0.18","THIRD_PARTY_OR_APP","UNPROVEN","Not yet assigned to a lawful Android capability.","Identify owner and execute isolated removal receipt."
"94","436","218","System.DirectoryServices.Protocols.dll","186664","0.178","NON_ANDROID_CARGO","REMOVE_CANDIDATE","Windows/enterprise/desktop capability not admitted to Android core.","Reference proof plus isolated omission smoke."
"95","644","322","zh-Hant/System.ServiceModel.Primitives.resources.dll","186400","0.178","NON_ANDROID_CARGO","REMOVE_CANDIDATE","Windows/enterprise/desktop capability not admitted to Android core.","Reference proof plus isolated omission smoke."
"96","406","203","Microsoft.PowerShell.Security.dll","186168","0.178","PWSH_COMMANDS","OPTIONAL_PWSH","Command assembly, not the SMA/runspace core.","Load on demand; representative commands and unload/failure behavior."
"97","642","321","zh-Hans/System.ServiceModel.Primitives.resources.dll","185376","0.177","NON_ANDROID_CARGO","REMOVE_CANDIDATE","Windows/enterprise/desktop capability not admitted to Android core.","Reference proof plus isolated omission smoke."
"98","414","207","System.CodeDom.dll","184616","0.176","BCL","UNPROVEN_BCL","Framework assembly; keep only with explicit reference/capability evidence.","Static reference closure plus boot/runspace/console/integration smoke."
"99","144","72","System.Memory.dll","181544","0.173","BCL","UNPROVEN_BCL","Framework assembly; keep only with explicit reference/capability evidence.","Static reference closure plus boot/runspace/console/integration smoke."
"100","174","87","System.Net.WebClient.dll","173864","0.166","BCL","UNPROVEN_BCL","Framework assembly; keep only with explicit reference/capability evidence.","Static reference closure plus boot/runspace/console/integration smoke."
"101","154","77","System.Net.NameResolution.dll","170792","0.163","NETWORK","CORE_NETWORK","Device discovery and CDN access require name resolution.","Resolve loopback and a configured remote endpoint on Android."
"102","442","221","System.Private.Windows.GdiPlus.dll","168744","0.161","NON_ANDROID_CARGO","REMOVE_CANDIDATE","Windows/enterprise/desktop capability not admitted to Android core.","Reference proof plus isolated omission smoke."
"103","304","152","System.Threading.Channels.dll","165160","0.158","BCL","UNPROVEN_BCL","Framework assembly; keep only with explicit reference/capability evidence.","Static reference closure plus boot/runspace/console/integration smoke."
"104","444","222","System.IO.Packaging.dll","160040","0.153","NON_ANDROID_CARGO","REMOVE_CANDIDATE","Windows/enterprise/desktop capability not admitted to Android core.","Reference proof plus isolated omission smoke."
"105","14","7","Microsoft.Extensions.Logging.Abstractions.dll","159528","0.152","THIRD_PARTY_OR_APP","UNPROVEN","Not yet assigned to a lawful Android capability.","Identify owner and execute isolated removal receipt."
"106","6","3","Microsoft.Extensions.DependencyInjection.Abstractions.dll","157008","0.15","THIRD_PARTY_OR_APP","UNPROVEN","Not yet assigned to a lawful Android capability.","Identify owner and execute isolated removal receipt."
"107","82","41","System.Diagnostics.TraceSource.dll","150352","0.143","BCL","UNPROVEN_BCL","Framework assembly; keep only with explicit reference/capability evidence.","Static reference closure plus boot/runspace/console/integration smoke."
"108","106","53","System.IO.Compression.ZipFile.dll","149800","0.143","BCL","UNPROVEN_BCL","Framework assembly; keep only with explicit reference/capability evidence.","Static reference closure plus boot/runspace/console/integration smoke."
"109","128","64","System.IO.Pipes.dll","147280","0.14","BCL","UNPROVEN_BCL","Framework assembly; keep only with explicit reference/capability evidence.","Static reference closure plus boot/runspace/console/integration smoke."
"110","32","16","System.Collections.Concurrent.dll","145704","0.139","BCL","UNPROVEN_BCL","Framework assembly; keep only with explicit reference/capability evidence.","Static reference closure plus boot/runspace/console/integration smoke."
"111","116","58","System.IO.FileSystem.Watcher.dll","139560","0.133","BCL","UNPROVEN_BCL","Framework assembly; keep only with explicit reference/capability evidence.","Static reference closure plus boot/runspace/console/integration smoke."
"112","404","202","Microsoft.PowerShell.SDK.dll","136544","0.13","PWSH_HOST","REMOVE","Desktop/full-SDK hosting personality; Android console owns session and cells.","SMA-managed console and optional pwsh personality operate without it."
"113","312","156","System.Threading.Tasks.Parallel.dll","133416","0.127","BCL","UNPROVEN_BCL","Framework assembly; keep only with explicit reference/capability evidence.","Static reference closure plus boot/runspace/console/integration smoke."
"114","432","216","System.DirectoryServices.dll","130344","0.124","NON_ANDROID_CARGO","REMOVE_CANDIDATE","Windows/enterprise/desktop capability not admitted to Android core.","Reference proof plus isolated omission smoke."
"115","146","73","System.Net.Http.Json.dll","127784","0.122","BCL","UNPROVEN_BCL","Framework assembly; keep only with explicit reference/capability evidence.","Static reference closure plus boot/runspace/console/integration smoke."
"116","246","123","System.Runtime.Serialization.Formatters.dll","127272","0.121","BCL","UNPROVEN_BCL","Framework assembly; keep only with explicit reference/capability evidence.","Static reference closure plus boot/runspace/console/integration smoke."
"117","86","43","System.Drawing.Primitives.dll","126760","0.121","BCL","UNPROVEN_BCL","Framework assembly; keep only with explicit reference/capability evidence.","Static reference closure plus boot/runspace/console/integration smoke."
"118","424","212","System.Data.OleDb.dll","124712","0.119","NON_ANDROID_CARGO","REMOVE_CANDIDATE","Windows/enterprise/desktop capability not admitted to Android core.","Reference proof plus isolated omission smoke."
"119","296","148","System.Text.Encodings.Web.dll","122704","0.117","BCL","UNPROVEN_BCL","Framework assembly; keep only with explicit reference/capability evidence.","Static reference closure plus boot/runspace/console/integration smoke."
"120","480","240","System.ServiceModel.Syndication.dll","121168","0.116","NON_ANDROID_CARGO","REMOVE_CANDIDATE","Windows/enterprise/desktop capability not admitted to Android core.","Reference proof plus isolated omission smoke."
"121","464","232","System.Security.Permissions.dll","118568","0.113","BCL","UNPROVEN_BCL","Framework assembly; keep only with explicit reference/capability evidence.","Static reference closure plus boot/runspace/console/integration smoke."
"122","158","79","System.Net.Ping.dll","116008","0.111","BCL","UNPROVEN_BCL","Framework assembly; keep only with explicit reference/capability evidence.","Static reference closure plus boot/runspace/console/integration smoke."
"123","156","78","System.Net.NetworkInformation.dll","113448","0.108","BCL","UNPROVEN_BCL","Framework assembly; keep only with explicit reference/capability evidence.","Static reference closure plus boot/runspace/console/integration smoke."
"124","238","119","System.Runtime.InteropServices.dll","109904","0.105","BCL","UNPROVEN_BCL","Framework assembly; keep only with explicit reference/capability evidence.","Static reference closure plus boot/runspace/console/integration smoke."
"125","38","19","System.Collections.Specialized.dll","104272","0.099","BCL","UNPROVEN_BCL","Framework assembly; keep only with explicit reference/capability evidence.","Static reference closure plus boot/runspace/console/integration smoke."
"126","36","18","System.Collections.NonGeneric.dll","103720","0.099","BCL","UNPROVEN_BCL","Framework assembly; keep only with explicit reference/capability evidence.","Static reference closure plus boot/runspace/console/integration smoke."
"127","360","180","netstandard.dll","101160","0.096","BCL","UNPROVEN_BCL","Framework assembly; keep only with explicit reference/capability evidence.","Static reference closure plus boot/runspace/console/integration smoke."
"128","260","130","System.Security.Claims.dll","101160","0.096","BCL","UNPROVEN_BCL","Framework assembly; keep only with explicit reference/capability evidence.","Static reference closure plus boot/runspace/console/integration smoke."
"129","180","90","System.Net.WebSockets.Client.dll","98600","0.094","BCL","UNPROVEN_BCL","Framework assembly; keep only with explicit reference/capability evidence.","Static reference closure plus boot/runspace/console/integration smoke."
"130","122","61","System.IO.MemoryMappedFiles.dll","93480","0.089","BCL","UNPROVEN_BCL","Framework assembly; keep only with explicit reference/capability evidence.","Static reference closure plus boot/runspace/console/integration smoke."
"131","112","56","System.IO.FileSystem.DriveInfo.dll","91944","0.088","BCL","UNPROVEN_BCL","Framework assembly; keep only with explicit reference/capability evidence.","Static reference closure plus boot/runspace/console/integration smoke."
"132","456","228","System.Runtime.Caching.dll","90408","0.086","NON_ANDROID_CARGO","REMOVE_CANDIDATE","Windows/enterprise/desktop capability not admitted to Android core.","Reference proof plus isolated omission smoke."
"133","18","9","Microsoft.Extensions.Primitives.dll","89896","0.086","THIRD_PARTY_OR_APP","UNPROVEN","Not yet assigned to a lawful Android capability.","Identify owner and execute isolated removal receipt."
"134","56","28","System.Console.dll","87336","0.083","BCL","UNPROVEN_BCL","Framework assembly; keep only with explicit reference/capability evidence.","Static reference closure plus boot/runspace/console/integration smoke."
"135","364","182","Mono.Android.Export.dll","83808","0.08","ANDROID_PLATFORM","ANDROID_PLATFORM","Android framework binding/interop substrate.","Boot, lifecycle, Binder, Surface, IME, and recovery receipts."
"136","454","227","System.Reflection.Context.dll","83752","0.08","NON_ANDROID_CARGO","REMOVE_CANDIDATE","Windows/enterprise/desktop capability not admitted to Android core.","Reference proof plus isolated omission smoke."
"137","102","51","System.IO.Compression.Brotli.dll","82768","0.079","BCL","UNPROVEN_BCL","Framework assembly; keep only with explicit reference/capability evidence.","Static reference closure plus boot/runspace/console/integration smoke."
"138","120","60","System.IO.IsolatedStorage.dll","81704","0.078","BCL","UNPROVEN_BCL","Framework assembly; keep only with explicit reference/capability evidence.","Static reference closure plus boot/runspace/console/integration smoke."
"139","2","1","Microsoft.Extensions.Caching.Abstractions.dll","81232","0.077","THIRD_PARTY_OR_APP","UNPROVEN","Not yet assigned to a lawful Android capability.","Identify owner and execute isolated removal receipt."
"140","322","161","System.Threading.dll","80680","0.077","BCL","UNPROVEN_BCL","Framework assembly; keep only with explicit reference/capability evidence.","Static reference closure plus boot/runspace/console/integration smoke."
"141","48","24","System.ComponentModel.Primitives.dll","78672","0.075","BCL","UNPROVEN_BCL","Framework assembly; keep only with explicit reference/capability evidence.","Static reference closure plus boot/runspace/console/integration smoke."
"142","168","84","System.Net.ServerSentEvents.dll","78120","0.075","BCL","UNPROVEN_BCL","Framework assembly; keep only with explicit reference/capability evidence.","Static reference closure plus boot/runspace/console/integration smoke."
"143","190","95","System.ObjectModel.dll","76624","0.073","BCL","UNPROVEN_BCL","Framework assembly; keep only with explicit reference/capability evidence.","Static reference closure plus boot/runspace/console/integration smoke."
"144","446","223","System.IO.Ports.dll","75048","0.072","NON_ANDROID_CARGO","REMOVE_CANDIDATE","Windows/enterprise/desktop capability not admitted to Android core.","Reference proof plus isolated omission smoke."
"145","448","224","System.Management.dll","74024","0.071","BCL","UNPROVEN_BCL","Framework assembly; keep only with explicit reference/capability evidence.","Static reference closure plus boot/runspace/console/integration smoke."
"146","202","101","System.Reflection.DispatchProxy.dll","72488","0.069","BCL","UNPROVEN_BCL","Framework assembly; keep only with explicit reference/capability evidence.","Static reference closure plus boot/runspace/console/integration smoke."
"147","434","217","System.DirectoryServices.AccountManagement.dll","69416","0.066","NON_ANDROID_CARGO","REMOVE_CANDIDATE","Windows/enterprise/desktop capability not admitted to Android core.","Reference proof plus isolated omission smoke."
"148","78","39","System.Diagnostics.TextWriterTraceListener.dll","64808","0.062","BCL","UNPROVEN_BCL","Framework assembly; keep only with explicit reference/capability evidence.","Static reference closure plus boot/runspace/console/integration smoke."
"149","470","235","System.ServiceModel.NetTcp.dll","64072","0.061","NON_ANDROID_CARGO","REMOVE_CANDIDATE","Windows/enterprise/desktop capability not admitted to Android core.","Reference proof plus isolated omission smoke."
"150","176","88","System.Net.WebHeaderCollection.dll","60200","0.057","BCL","UNPROVEN_BCL","Framework assembly; keep only with explicit reference/capability evidence.","Static reference closure plus boot/runspace/console/integration smoke."
"151","358","179","mscorlib.dll","59688","0.057","BCL","UNPROVEN_BCL","Framework assembly; keep only with explicit reference/capability evidence.","Static reference closure plus boot/runspace/console/integration smoke."
"152","330","165","System.Web.HttpUtility.dll","56616","0.054","BCL","UNPROVEN_BCL","Framework assembly; keep only with explicit reference/capability evidence.","Static reference closure plus boot/runspace/console/integration smoke."
"153","370","185","System.IO.Hashing.dll","56160","0.054","BCL","UNPROVEN_BCL","Framework assembly; keep only with explicit reference/capability evidence.","Static reference closure plus boot/runspace/console/integration smoke."
"154","258","129","System.Security.AccessControl.dll","55080","0.053","BCL","UNPROVEN_BCL","Framework assembly; keep only with explicit reference/capability evidence.","Static reference closure plus boot/runspace/console/integration smoke."
"155","376","188","Json.More.dll","54272","0.052","PWSH_AUXILIARY","REMOVE_OR_OPTIONAL","Help/markdown/schema convenience cargo.","Core help, formatting, and console receipts without it."
"156","428","214","System.Diagnostics.EventLog.dll","54096","0.052","NON_ANDROID_CARGO","REMOVE_CANDIDATE","Windows/enterprise/desktop capability not admitted to Android core.","Reference proof plus isolated omission smoke."
"157","430","215","System.Diagnostics.PerformanceCounter.dll","53072","0.051","NON_ANDROID_CARGO","REMOVE_CANDIDATE","Windows/enterprise/desktop capability not admitted to Android core.","Reference proof plus isolated omission smoke."
"158","418","209","System.ComponentModel.Composition.Registration.dll","50472","0.048","NON_ANDROID_CARGO","REMOVE_CANDIDATE","Windows/enterprise/desktop capability not admitted to Android core.","Reference proof plus isolated omission smoke."
"159","354","177","System.dll","50472","0.048","BCL","UNPROVEN_BCL","Framework assembly; keep only with explicit reference/capability evidence.","Static reference closure plus boot/runspace/console/integration smoke."
"160","508","254","ru/Microsoft.CodeAnalysis.resources.dll","50448","0.048","ROSLYN","REMOVE","Roslyn compiler payload or satellite resource.","No Add-Type/Roslyn path; PS1->typed IL/RyuJIT smoke stays green."
"161","12","6","Microsoft.Extensions.Hosting.Abstractions.dll","48976","0.047","THIRD_PARTY_OR_APP","UNPROVEN","Not yet assigned to a lawful Android capability.","Identify owner and execute isolated removal receipt."
"162","256","128","System.Runtime.dll","45904","0.044","BCL","UNPROVEN_BCL","Framework assembly; keep only with explicit reference/capability evidence.","Static reference closure plus boot/runspace/console/integration smoke."
"163","72","36","System.Diagnostics.FileVersionInfo.dll","45864","0.044","BCL","UNPROVEN_BCL","Framework assembly; keep only with explicit reference/capability evidence.","Static reference closure plus boot/runspace/console/integration smoke."
"164","224","112","System.Resources.Writer.dll","45352","0.043","BCL","UNPROVEN_BCL","Framework assembly; keep only with explicit reference/capability evidence.","Static reference closure plus boot/runspace/console/integration smoke."
"165","500","250","ja/Microsoft.CodeAnalysis.resources.dll","44848","0.043","ROSLYN","REMOVE","Roslyn compiler payload or satellite resource.","No Add-Type/Roslyn path; PS1->typed IL/RyuJIT smoke stays green."
"166","496","248","fr/Microsoft.CodeAnalysis.resources.dll","42288","0.04","ROSLYN","REMOVE","Roslyn compiler payload or satellite resource.","No Add-Type/Roslyn path; PS1->typed IL/RyuJIT smoke stays green."
"167","502","251","ko/Microsoft.CodeAnalysis.resources.dll","42288","0.04","ROSLYN","REMOVE","Roslyn compiler payload or satellite resource.","No Add-Type/Roslyn path; PS1->typed IL/RyuJIT smoke stays green."
"168","504","252","pl/Microsoft.CodeAnalysis.resources.dll","42288","0.04","ROSLYN","REMOVE","Roslyn compiler payload or satellite resource.","No Add-Type/Roslyn path; PS1->typed IL/RyuJIT smoke stays green."
"169","498","249","it/Microsoft.CodeAnalysis.resources.dll","42256","0.04","ROSLYN","REMOVE","Roslyn compiler payload or satellite resource.","No Add-Type/Roslyn path; PS1->typed IL/RyuJIT smoke stays green."
"170","492","246","de/Microsoft.CodeAnalysis.resources.dll","42248","0.04","ROSLYN","REMOVE","Roslyn compiler payload or satellite resource.","No Add-Type/Roslyn path; PS1->typed IL/RyuJIT smoke stays green."
"171","494","247","es/Microsoft.CodeAnalysis.resources.dll","41736","0.04","ROSLYN","REMOVE","Roslyn compiler payload or satellite resource.","No Add-Type/Roslyn path; PS1->typed IL/RyuJIT smoke stays green."
"172","560","280","ru/System.ServiceModel.Http.resources.dll","41504","0.04","NON_ANDROID_CARGO","REMOVE_CANDIDATE","Windows/enterprise/desktop capability not admitted to Android core.","Reference proof plus isolated omission smoke."
"173","506","253","pt-BR/Microsoft.CodeAnalysis.resources.dll","41272","0.039","ROSLYN","REMOVE","Roslyn compiler payload or satellite resource.","No Add-Type/Roslyn path; PS1->typed IL/RyuJIT smoke stays green."
"174","510","255","tr/Microsoft.CodeAnalysis.resources.dll","41264","0.039","ROSLYN","REMOVE","Roslyn compiler payload or satellite resource.","No Add-Type/Roslyn path; PS1->typed IL/RyuJIT smoke stays green."
"175","490","245","cs/Microsoft.CodeAnalysis.resources.dll","40752","0.039","ROSLYN","REMOVE","Roslyn compiler payload or satellite resource.","No Add-Type/Roslyn path; PS1->typed IL/RyuJIT smoke stays green."
"176","8","4","Microsoft.Extensions.Diagnostics.Abstractions.dll","39720","0.038","THIRD_PARTY_OR_APP","UNPROVEN","Not yet assigned to a lawful Android capability.","Identify owner and execute isolated removal receipt."
"177","460","230","System.Security.Cryptography.ProtectedData.dll","39720","0.038","BCL","UNPROVEN_BCL","Framework assembly; keep only with explicit reference/capability evidence.","Static reference closure plus boot/runspace/console/integration smoke."
"178","586","293","ru/System.ServiceModel.NetFramingBase.resources.dll","38944","0.037","NON_ANDROID_CARGO","REMOVE_CANDIDATE","Windows/enterprise/desktop capability not admitted to Android core.","Reference proof plus isolated omission smoke."
"179","46","23","System.ComponentModel.EventBasedAsync.dll","38696","0.037","BCL","UNPROVEN_BCL","Framework assembly; keep only with explicit reference/capability evidence.","Static reference closure plus boot/runspace/console/integration smoke."
"180","514","257","zh-Hant/Microsoft.CodeAnalysis.resources.dll","38672","0.037","ROSLYN","REMOVE","Roslyn compiler payload or satellite resource.","No Add-Type/Roslyn path; PS1->typed IL/RyuJIT smoke stays green."
"181","4","2","Microsoft.Extensions.Configuration.Abstractions.dll","38184","0.036","THIRD_PARTY_OR_APP","UNPROVEN","Not yet assigned to a lawful Android capability.","Identify owner and execute isolated removal receipt."
"182","512","256","zh-Hans/Microsoft.CodeAnalysis.resources.dll","38160","0.036","ROSLYN","REMOVE","Roslyn compiler payload or satellite resource.","No Add-Type/Roslyn path; PS1->typed IL/RyuJIT smoke stays green."
"183","234","117","System.Runtime.InteropServices.JavaScript.dll","37672","0.036","BCL","UNPROVEN_BCL","Framework assembly; keep only with explicit reference/capability evidence.","Static reference closure plus boot/runspace/console/integration smoke."
"184","278","139","System.Security.Principal.Windows.dll","37672","0.036","BCL","UNPROVEN_BCL","Framework assembly; keep only with explicit reference/capability evidence.","Static reference closure plus boot/runspace/console/integration smoke."
"185","552","276","ja/System.ServiceModel.Http.resources.dll","37440","0.036","NON_ANDROID_CARGO","REMOVE_CANDIDATE","Windows/enterprise/desktop capability not admitted to Android core.","Reference proof plus isolated omission smoke."
"186","178","89","System.Net.WebProxy.dll","36176","0.035","BCL","UNPROVEN_BCL","Framework assembly; keep only with explicit reference/capability evidence.","Static reference closure plus boot/runspace/console/integration smoke."
"187","578","289","ja/System.ServiceModel.NetFramingBase.resources.dll","34888","0.033","NON_ANDROID_CARGO","REMOVE_CANDIDATE","Windows/enterprise/desktop capability not admitted to Android core.","Reference proof plus isolated omission smoke."
"188","554","277","ko/System.ServiceModel.Http.resources.dll","34888","0.033","NON_ANDROID_CARGO","REMOVE_CANDIDATE","Windows/enterprise/desktop capability not admitted to Android core.","Reference proof plus isolated omission smoke."
"189","556","278","pl/System.ServiceModel.Http.resources.dll","34888","0.033","NON_ANDROID_CARGO","REMOVE_CANDIDATE","Windows/enterprise/desktop capability not admitted to Android core.","Reference proof plus isolated omission smoke."
"190","544","272","de/System.ServiceModel.Http.resources.dll","34848","0.033","NON_ANDROID_CARGO","REMOVE_CANDIDATE","Windows/enterprise/desktop capability not admitted to Android core.","Reference proof plus isolated omission smoke."
"191","548","274","fr/System.ServiceModel.Http.resources.dll","34848","0.033","NON_ANDROID_CARGO","REMOVE_CANDIDATE","Windows/enterprise/desktop capability not admitted to Android core.","Reference proof plus isolated omission smoke."
"192","482","241","System.ServiceProcess.ServiceController.dll","34640","0.033","NON_ANDROID_CARGO","REMOVE_CANDIDATE","Windows/enterprise/desktop capability not admitted to Android core.","Reference proof plus isolated omission smoke."
"193","550","275","it/System.ServiceModel.Http.resources.dll","34376","0.033","NON_ANDROID_CARGO","REMOVE_CANDIDATE","Windows/enterprise/desktop capability not admitted to Android core.","Reference proof plus isolated omission smoke."
"194","546","273","es/System.ServiceModel.Http.resources.dll","33864","0.032","NON_ANDROID_CARGO","REMOVE_CANDIDATE","Windows/enterprise/desktop capability not admitted to Android core.","Reference proof plus isolated omission smoke."
"195","558","279","pt-BR/System.ServiceModel.Http.resources.dll","33864","0.032","NON_ANDROID_CARGO","REMOVE_CANDIDATE","Windows/enterprise/desktop capability not admitted to Android core.","Reference proof plus isolated omission smoke."
"196","542","271","cs/System.ServiceModel.Http.resources.dll","33856","0.032","NON_ANDROID_CARGO","REMOVE_CANDIDATE","Windows/enterprise/desktop capability not admitted to Android core.","Reference proof plus isolated omission smoke."
"197","26","13","Microsoft.Win32.Registry.dll","33576","0.032","THIRD_PARTY_OR_APP","UNPROVEN","Not yet assigned to a lawful Android capability.","Identify owner and execute isolated removal receipt."
"198","216","108","System.Reflection.TypeExtensions.dll","33576","0.032","BCL","UNPROVEN_BCL","Framework assembly; keep only with explicit reference/capability evidence.","Static reference closure plus boot/runspace/console/integration smoke."
"199","302","151","System.Threading.AccessControl.dll","33576","0.032","BCL","UNPROVEN_BCL","Framework assembly; keep only with explicit reference/capability evidence.","Static reference closure plus boot/runspace/console/integration smoke."
"200","562","281","tr/System.ServiceModel.Http.resources.dll","33352","0.032","NON_ANDROID_CARGO","REMOVE_CANDIDATE","Windows/enterprise/desktop capability not admitted to Android core.","Reference proof plus isolated omission smoke."
"201","580","290","ko/System.ServiceModel.NetFramingBase.resources.dll","32840","0.031","NON_ANDROID_CARGO","REMOVE_CANDIDATE","Windows/enterprise/desktop capability not admitted to Android core.","Reference proof plus isolated omission smoke."
"202","570","285","de/System.ServiceModel.NetFramingBase.resources.dll","32832","0.031","NON_ANDROID_CARGO","REMOVE_CANDIDATE","Windows/enterprise/desktop capability not admitted to Android core.","Reference proof plus isolated omission smoke."
"203","110","55","System.IO.FileSystem.AccessControl.dll","32552","0.031","BCL","UNPROVEN_BCL","Framework assembly; keep only with explicit reference/capability evidence.","Static reference closure plus boot/runspace/console/integration smoke."
"204","452","226","System.Net.Http.WinHttpHandler.dll","32552","0.031","NON_ANDROID_CARGO","REMOVE_CANDIDATE","Windows/enterprise/desktop capability not admitted to Android core.","Reference proof plus isolated omission smoke."
"205","582","291","pl/System.ServiceModel.NetFramingBase.resources.dll","32328","0.031","NON_ANDROID_CARGO","REMOVE_CANDIDATE","Windows/enterprise/desktop capability not admitted to Android core.","Reference proof plus isolated omission smoke."
"206","572","286","es/System.ServiceModel.NetFramingBase.resources.dll","32288","0.031","NON_ANDROID_CARGO","REMOVE_CANDIDATE","Windows/enterprise/desktop capability not admitted to Android core.","Reference proof plus isolated omission smoke."
"207","574","287","fr/System.ServiceModel.NetFramingBase.resources.dll","32288","0.031","NON_ANDROID_CARGO","REMOVE_CANDIDATE","Windows/enterprise/desktop capability not admitted to Android core.","Reference proof plus isolated omission smoke."
"208","576","288","it/System.ServiceModel.NetFramingBase.resources.dll","32280","0.031","NON_ANDROID_CARGO","REMOVE_CANDIDATE","Windows/enterprise/desktop capability not admitted to Android core.","Reference proof plus isolated omission smoke."
"209","584","292","pt-BR/System.ServiceModel.NetFramingBase.resources.dll","31816","0.03","NON_ANDROID_CARGO","REMOVE_CANDIDATE","Windows/enterprise/desktop capability not admitted to Android core.","Reference proof plus isolated omission smoke."
"210","568","284","cs/System.ServiceModel.NetFramingBase.resources.dll","31264","0.03","NON_ANDROID_CARGO","REMOVE_CANDIDATE","Windows/enterprise/desktop capability not admitted to Android core.","Reference proof plus isolated omission smoke."
"211","588","294","tr/System.ServiceModel.NetFramingBase.resources.dll","31264","0.03","NON_ANDROID_CARGO","REMOVE_CANDIDATE","Windows/enterprise/desktop capability not admitted to Android core.","Reference proof plus isolated omission smoke."
"212","564","282","zh-Hans/System.ServiceModel.Http.resources.dll","31264","0.03","NON_ANDROID_CARGO","REMOVE_CANDIDATE","Windows/enterprise/desktop capability not admitted to Android core.","Reference proof plus isolated omission smoke."
"213","566","283","zh-Hant/System.ServiceModel.Http.resources.dll","30752","0.029","NON_ANDROID_CARGO","REMOVE_CANDIDATE","Windows/enterprise/desktop capability not admitted to Android core.","Reference proof plus isolated omission smoke."
"214","366","183","Mono.Android.Runtime.dll","30520","0.029","ANDROID_PLATFORM","ANDROID_PLATFORM","Android framework binding/interop substrate.","Boot, lifecycle, Binder, Surface, IME, and recovery receipts."
"215","76","38","System.Diagnostics.StackTrace.dll","29992","0.029","BCL","UNPROVEN_BCL","Framework assembly; keep only with explicit reference/capability evidence.","Static reference closure plus boot/runspace/console/integration smoke."
"216","250","125","System.Runtime.Serialization.Primitives.dll","29480","0.028","BCL","UNPROVEN_BCL","Framework assembly; keep only with explicit reference/capability evidence.","Static reference closure plus boot/runspace/console/integration smoke."
"217","592","296","zh-Hant/System.ServiceModel.NetFramingBase.resources.dll","29256","0.028","NON_ANDROID_CARGO","REMOVE_CANDIDATE","Windows/enterprise/desktop capability not admitted to Android core.","Reference proof plus isolated omission smoke."
"218","590","295","zh-Hans/System.ServiceModel.NetFramingBase.resources.dll","28704","0.027","NON_ANDROID_CARGO","REMOVE_CANDIDATE","Windows/enterprise/desktop capability not admitted to Android core.","Reference proof plus isolated omission smoke."
"219","488","244","System.Windows.Extensions.dll","28456","0.027","NON_ANDROID_CARGO","REMOVE_CANDIDATE","Windows/enterprise/desktop capability not admitted to Android core.","Reference proof plus isolated omission smoke."
"220","402","201","Microsoft.PowerShell.MarkdownRender.dll","28096","0.027","PWSH_AUXILIARY","REMOVE_OR_OPTIONAL","Help/markdown/schema convenience cargo.","Core help, formatting, and console receipts without it."
"221","410","205","Microsoft.Win32.SystemEvents.dll","26920","0.026","THIRD_PARTY_OR_APP","UNPROVEN","Not yet assigned to a lawful Android capability.","Identify owner and execute isolated removal receipt."
"222","64","32","System.Data.dll","25424","0.024","BCL","UNPROVEN_BCL","Framework assembly; keep only with explicit reference/capability evidence.","Static reference closure plus boot/runspace/console/integration smoke."
"223","10","5","Microsoft.Extensions.FileProviders.Abstractions.dll","25384","0.024","THIRD_PARTY_OR_APP","UNPROVEN","Not yet assigned to a lawful Android capability.","Identify owner and execute isolated removal receipt."
"224","478","239","System.ServiceModel.dll","25160","0.024","NON_ANDROID_CARGO","REMOVE_CANDIDATE","Windows/enterprise/desktop capability not admitted to Android core.","Reference proof plus isolated omission smoke."
"225","378","189","JsonPointer.Net.dll","25088","0.024","PWSH_AUXILIARY","REMOVE_OR_OPTIONAL","Help/markdown/schema convenience cargo.","Core help, formatting, and console receipts without it."
"226","126","63","System.IO.Pipes.AccessControl.dll","24400","0.023","BCL","UNPROVEN_BCL","Framework assembly; keep only with explicit reference/capability evidence.","Static reference closure plus boot/runspace/console/integration smoke."
"227","612","306","ru/System.ServiceModel.NetTcp.resources.dll","23584","0.022","NON_ANDROID_CARGO","REMOVE_CANDIDATE","Windows/enterprise/desktop capability not admitted to Android core.","Reference proof plus isolated omission smoke."
"228","58","29","System.Core.dll","23336","0.022","BCL","UNPROVEN_BCL","Framework assembly; keep only with explicit reference/capability evidence.","Static reference closure plus boot/runspace/console/integration smoke."
"229","352","176","System.Xml.dll","23336","0.022","BCL","UNPROVEN_BCL","Framework assembly; keep only with explicit reference/capability evidence.","Static reference closure plus boot/runspace/console/integration smoke."
"230","392","196","Microsoft.Extensions.ObjectPool.dll","22352","0.021","THIRD_PARTY_OR_APP","UNPROVEN","Not yet assigned to a lawful Android capability.","Identify owner and execute isolated removal receipt."
"231","604","302","ja/System.ServiceModel.NetTcp.resources.dll","22088","0.021","NON_ANDROID_CARGO","REMOVE_CANDIDATE","Windows/enterprise/desktop capability not admitted to Android core.","Reference proof plus isolated omission smoke."
"232","408","204","Microsoft.Win32.Registry.AccessControl.dll","21800","0.021","THIRD_PARTY_OR_APP","UNPROVEN","Not yet assigned to a lawful Android capability.","Identify owner and execute isolated removal receipt."
"233","338","169","System.Xml.ReaderWriter.dll","21800","0.021","BCL","UNPROVEN_BCL","Framework assembly; keep only with explicit reference/capability evidence.","Static reference closure plus boot/runspace/console/integration smoke."
"234","600","300","fr/System.ServiceModel.NetTcp.resources.dll","21064","0.02","NON_ANDROID_CARGO","REMOVE_CANDIDATE","Windows/enterprise/desktop capability not admitted to Android core.","Reference proof plus isolated omission smoke."
"235","602","301","it/System.ServiceModel.NetTcp.resources.dll","21064","0.02","NON_ANDROID_CARGO","REMOVE_CANDIDATE","Windows/enterprise/desktop capability not admitted to Android core.","Reference proof plus isolated omission smoke."
"236","608","304","pl/System.ServiceModel.NetTcp.resources.dll","21064","0.02","NON_ANDROID_CARGO","REMOVE_CANDIDATE","Windows/enterprise/desktop capability not admitted to Android core.","Reference proof plus isolated omission smoke."
"237","596","298","de/System.ServiceModel.NetTcp.resources.dll","21056","0.02","NON_ANDROID_CARGO","REMOVE_CANDIDATE","Windows/enterprise/desktop capability not admitted to Android core.","Reference proof plus isolated omission smoke."
"238","664","332","ru/System.Web.Services.Description.resources.dll","21048","0.02","NON_ANDROID_CARGO","REMOVE_CANDIDATE","Windows/enterprise/desktop capability not admitted to Android core.","Reference proof plus isolated omission smoke."
"239","606","303","ko/System.ServiceModel.NetTcp.resources.dll","21024","0.02","NON_ANDROID_CARGO","REMOVE_CANDIDATE","Windows/enterprise/desktop capability not admitted to Android core.","Reference proof plus isolated omission smoke."
"240","614","307","tr/System.ServiceModel.NetTcp.resources.dll","21024","0.02","NON_ANDROID_CARGO","REMOVE_CANDIDATE","Windows/enterprise/desktop capability not admitted to Android core.","Reference proof plus isolated omission smoke."
"241","610","305","pt-BR/System.ServiceModel.NetTcp.resources.dll","20552","0.02","NON_ANDROID_CARGO","REMOVE_CANDIDATE","Windows/enterprise/desktop capability not admitted to Android core.","Reference proof plus isolated omission smoke."
"242","656","328","ja/System.Web.Services.Description.resources.dll","20536","0.02","NON_ANDROID_CARGO","REMOVE_CANDIDATE","Windows/enterprise/desktop capability not admitted to Android core.","Reference proof plus isolated omission smoke."
"243","594","297","cs/System.ServiceModel.NetTcp.resources.dll","20512","0.02","NON_ANDROID_CARGO","REMOVE_CANDIDATE","Windows/enterprise/desktop capability not admitted to Android core.","Reference proof plus isolated omission smoke."
"244","598","299","es/System.ServiceModel.NetTcp.resources.dll","20512","0.02","NON_ANDROID_CARGO","REMOVE_CANDIDATE","Windows/enterprise/desktop capability not admitted to Android core.","Reference proof plus isolated omission smoke."
"245","386","193","Microsoft.Bcl.AsyncInterfaces.dll","20304","0.019","THIRD_PARTY_OR_APP","UNPROVEN","Not yet assigned to a lawful Android capability.","Identify owner and execute isolated removal receipt."
"246","88","44","System.Drawing.dll","20264","0.019","BCL","UNPROVEN_BCL","Framework assembly; keep only with explicit reference/capability evidence.","Static reference closure plus boot/runspace/console/integration smoke."
"247","648","324","de/System.Web.Services.Description.resources.dll","20024","0.019","NON_ANDROID_CARGO","REMOVE_CANDIDATE","Windows/enterprise/desktop capability not admitted to Android core.","Reference proof plus isolated omission smoke."
"248","658","329","ko/System.Web.Services.Description.resources.dll","20024","0.019","NON_ANDROID_CARGO","REMOVE_CANDIDATE","Windows/enterprise/desktop capability not admitted to Android core.","Reference proof plus isolated omission smoke."
"249","618","309","zh-Hant/System.ServiceModel.NetTcp.resources.dll","20000","0.019","NON_ANDROID_CARGO","REMOVE_CANDIDATE","Windows/enterprise/desktop capability not admitted to Android core.","Reference proof plus isolated omission smoke."
"250","652","326","fr/System.Web.Services.Description.resources.dll","19528","0.019","NON_ANDROID_CARGO","REMOVE_CANDIDATE","Windows/enterprise/desktop capability not admitted to Android core.","Reference proof plus isolated omission smoke."
"251","616","308","zh-Hans/System.ServiceModel.NetTcp.resources.dll","19528","0.019","NON_ANDROID_CARGO","REMOVE_CANDIDATE","Windows/enterprise/desktop capability not admitted to Android core.","Reference proof plus isolated omission smoke."
"252","646","323","cs/System.Web.Services.Description.resources.dll","19512","0.019","NON_ANDROID_CARGO","REMOVE_CANDIDATE","Windows/enterprise/desktop capability not admitted to Android core.","Reference proof plus isolated omission smoke."
"253","650","325","es/System.Web.Services.Description.resources.dll","19512","0.019","NON_ANDROID_CARGO","REMOVE_CANDIDATE","Windows/enterprise/desktop capability not admitted to Android core.","Reference proof plus isolated omission smoke."
"254","654","327","it/System.Web.Services.Description.resources.dll","19512","0.019","NON_ANDROID_CARGO","REMOVE_CANDIDATE","Windows/enterprise/desktop capability not admitted to Android core.","Reference proof plus isolated omission smoke."
"255","660","330","pl/System.Web.Services.Description.resources.dll","19512","0.019","NON_ANDROID_CARGO","REMOVE_CANDIDATE","Windows/enterprise/desktop capability not admitted to Android core.","Reference proof plus isolated omission smoke."
"256","662","331","pt-BR/System.Web.Services.Description.resources.dll","19512","0.019","NON_ANDROID_CARGO","REMOVE_CANDIDATE","Windows/enterprise/desktop capability not admitted to Android core.","Reference proof plus isolated omission smoke."
"257","666","333","tr/System.Web.Services.Description.resources.dll","19512","0.019","NON_ANDROID_CARGO","REMOVE_CANDIDATE","Windows/enterprise/desktop capability not admitted to Android core.","Reference proof plus isolated omission smoke."
"258","54","27","System.Configuration.dll","19240","0.018","BCL","UNPROVEN_BCL","Framework assembly; keep only with explicit reference/capability evidence.","Static reference closure plus boot/runspace/console/integration smoke."
"259","228","114","System.Runtime.CompilerServices.VisualC.dll","19240","0.018","BCL","UNPROVEN_BCL","Framework assembly; keep only with explicit reference/capability evidence.","Static reference closure plus boot/runspace/console/integration smoke."
"260","668","334","zh-Hans/System.Web.Services.Description.resources.dll","19016","0.018","NON_ANDROID_CARGO","REMOVE_CANDIDATE","Windows/enterprise/desktop capability not admitted to Android core.","Reference proof plus isolated omission smoke."
"261","670","335","zh-Hant/System.Web.Services.Description.resources.dll","19016","0.018","NON_ANDROID_CARGO","REMOVE_CANDIDATE","Windows/enterprise/desktop capability not admitted to Android core.","Reference proof plus isolated omission smoke."
"262","240","120","System.Runtime.Intrinsics.dll","18768","0.018","BCL","UNPROVEN_BCL","Framework assembly; keep only with explicit reference/capability evidence.","Static reference closure plus boot/runspace/console/integration smoke."
"263","284","142","System.Security.dll","18216","0.017","BCL","UNPROVEN_BCL","Framework assembly; keep only with explicit reference/capability evidence.","Static reference closure plus boot/runspace/console/integration smoke."
"264","230","115","System.Runtime.Extensions.dll","17704","0.017","BCL","UNPROVEN_BCL","Framework assembly; keep only with explicit reference/capability evidence.","Static reference closure plus boot/runspace/console/integration smoke."
"265","350","175","System.Xml.XmlSerializer.dll","17704","0.017","BCL","UNPROVEN_BCL","Framework assembly; keep only with explicit reference/capability evidence.","Static reference closure plus boot/runspace/console/integration smoke."
"266","22","11","Microsoft.VisualBasic.dll","17232","0.016","BCL","UNPROVEN_BCL","Framework assembly; keep only with explicit reference/capability evidence.","Static reference closure plus boot/runspace/console/integration smoke."
"267","184","92","System.Net.dll","17232","0.016","BCL","UNPROVEN_BCL","Framework assembly; keep only with explicit reference/capability evidence.","Static reference closure plus boot/runspace/console/integration smoke."
"268","52","26","System.ComponentModel.dll","17192","0.016","BCL","UNPROVEN_BCL","Framework assembly; keep only with explicit reference/capability evidence.","Static reference closure plus boot/runspace/console/integration smoke."
"269","254","127","System.Runtime.Serialization.dll","17192","0.016","BCL","UNPROVEN_BCL","Framework assembly; keep only with explicit reference/capability evidence.","Static reference closure plus boot/runspace/console/integration smoke."
"270","262","131","System.Security.Cryptography.Algorithms.dll","17192","0.016","BCL","UNPROVEN_BCL","Framework assembly; keep only with explicit reference/capability evidence.","Static reference closure plus boot/runspace/console/integration smoke."
"271","274","137","System.Security.Cryptography.X509Certificates.dll","17192","0.016","BCL","UNPROVEN_BCL","Framework assembly; keep only with explicit reference/capability evidence.","Static reference closure plus boot/runspace/console/integration smoke."
"272","344","172","System.Xml.XPath.XDocument.dll","17192","0.016","BCL","UNPROVEN_BCL","Framework assembly; keep only with explicit reference/capability evidence.","Static reference closure plus boot/runspace/console/integration smoke."
"273","476","238","System.ServiceModel.Security.dll","16928","0.016","NON_ANDROID_CARGO","REMOVE_CANDIDATE","Windows/enterprise/desktop capability not admitted to Android core.","Reference proof plus isolated omission smoke."
"274","372","186","AndroidSMA.dll","16896","0.016","APP_BOOT","REPLACE_BOOT_ARTIFACT","Current C# Activity/recovery application assembly.","New entry artifact boots identical recovery and PROFILE flow."
"275","44","22","System.ComponentModel.DataAnnotations.dll","16720","0.016","BCL","UNPROVEN_BCL","Framework assembly; keep only with explicit reference/capability evidence.","Static reference closure plus boot/runspace/console/integration smoke."
"276","252","126","System.Runtime.Serialization.Xml.dll","16720","0.016","BCL","UNPROVEN_BCL","Framework assembly; keep only with explicit reference/capability evidence.","Static reference closure plus boot/runspace/console/integration smoke."
"277","286","143","System.ServiceModel.Web.dll","16680","0.016","NON_ANDROID_CARGO","REMOVE_CANDIDATE","Windows/enterprise/desktop capability not admitted to Android core.","Reference proof plus isolated omission smoke."
"278","314","157","System.Threading.Tasks.dll","16680","0.016","BCL","UNPROVEN_BCL","Framework assembly; keep only with explicit reference/capability evidence.","Static reference closure plus boot/runspace/console/integration smoke."
"279","326","163","System.Transactions.dll","16680","0.016","BCL","UNPROVEN_BCL","Framework assembly; keep only with explicit reference/capability evidence.","Static reference closure plus boot/runspace/console/integration smoke."
"280","66","33","System.Diagnostics.Contracts.dll","16208","0.015","BCL","UNPROVEN_BCL","Framework assembly; keep only with explicit reference/capability evidence.","Static reference closure plus boot/runspace/console/integration smoke."
"281","266","133","System.Security.Cryptography.Csp.dll","16208","0.015","BCL","UNPROVEN_BCL","Framework assembly; keep only with explicit reference/capability evidence.","Static reference closure plus boot/runspace/console/integration smoke."
"282","356","178","WindowsBase.dll","16208","0.015","BCL","UNPROVEN_BCL","Framework assembly; keep only with explicit reference/capability evidence.","Static reference closure plus boot/runspace/console/integration smoke."
"283","84","42","System.Diagnostics.Tracing.dll","16168","0.015","BCL","UNPROVEN_BCL","Framework assembly; keep only with explicit reference/capability evidence.","Static reference closure plus boot/runspace/console/integration smoke."
"284","90","45","System.Dynamic.Runtime.dll","16168","0.015","LANGUAGE_RUNTIME","CORE_EMIT","PowerShell's dynamic binding and runtime-shaped objects require the DLR contracts.","Exercise dynamic member binding and emitted delegate invocation."
"285","186","93","System.Numerics.Vectors.dll","16168","0.015","BCL","UNPROVEN_BCL","Framework assembly; keep only with explicit reference/capability evidence.","Static reference closure plus boot/runspace/console/integration smoke."
"286","218","109","System.Reflection.dll","16168","0.015","LANGUAGE_RUNTIME","CORE_EMIT","Reflection is a first-class inspection and orchestration capability.","Enumerate, bind, and invoke runtime members from PS1."
"287","264","132","System.Security.Cryptography.Cng.dll","16168","0.015","BCL","UNPROVEN_BCL","Framework assembly; keep only with explicit reference/capability evidence.","Static reference closure plus boot/runspace/console/integration smoke."
"288","340","170","System.Xml.Serialization.dll","16168","0.015","BCL","UNPROVEN_BCL","Framework assembly; keep only with explicit reference/capability evidence.","Static reference closure plus boot/runspace/console/integration smoke."
"289","342","171","System.Xml.XDocument.dll","16168","0.015","BCL","UNPROVEN_BCL","Framework assembly; keep only with explicit reference/capability evidence.","Static reference closure plus boot/runspace/console/integration smoke."
"290","204","102","System.Reflection.Emit.ILGeneration.dll","15696","0.015","LANGUAGE_RUNTIME","CORE_EMIT","ILGenerator is part of the direct no-Roslyn emit lane.","Emit branches, locals, calls, and a return value on Android."
"291","206","103","System.Reflection.Emit.Lightweight.dll","15696","0.015","LANGUAGE_RUNTIME","CORE_EMIT","DynamicMethod provides cheap ephemeral code shapes for RyuJIT.","Create and invoke a DynamicMethod from the SMA runspace."
"292","214","107","System.Reflection.Primitives.dll","15696","0.015","LANGUAGE_RUNTIME","CORE_EMIT","Primitive reflection contracts support inspection and binding.","Satisfied by reflection and direct emit proof lanes."
"293","222","111","System.Resources.ResourceManager.dll","15696","0.015","BCL","UNPROVEN_BCL","Framework assembly; keep only with explicit reference/capability evidence.","Static reference closure plus boot/runspace/console/integration smoke."
"294","248","124","System.Runtime.Serialization.Json.dll","15696","0.015","BCL","UNPROVEN_BCL","Framework assembly; keep only with explicit reference/capability evidence.","Static reference closure plus boot/runspace/console/integration smoke."
"295","268","134","System.Security.Cryptography.Encoding.dll","15696","0.015","BCL","UNPROVEN_BCL","Framework assembly; keep only with explicit reference/capability evidence.","Static reference closure plus boot/runspace/console/integration smoke."
"296","288","144","System.ServiceProcess.dll","15696","0.015","NON_ANDROID_CARGO","REMOVE_CANDIDATE","Windows/enterprise/desktop capability not admitted to Android core.","Reference proof plus isolated omission smoke."
"297","346","173","System.Xml.XPath.dll","15696","0.015","BCL","UNPROVEN_BCL","Framework assembly; keep only with explicit reference/capability evidence.","Static reference closure plus boot/runspace/console/integration smoke."
"298","24","12","Microsoft.Win32.Primitives.dll","15656","0.015","THIRD_PARTY_OR_APP","UNPROVEN","Not yet assigned to a lawful Android capability.","Identify owner and execute isolated removal receipt."
"299","62","31","System.Data.DataSetExtensions.dll","15656","0.015","BCL","UNPROVEN_BCL","Framework assembly; keep only with explicit reference/capability evidence.","Static reference closure plus boot/runspace/console/integration smoke."
"300","68","34","System.Diagnostics.Debug.dll","15656","0.015","BCL","UNPROVEN_BCL","Framework assembly; keep only with explicit reference/capability evidence.","Static reference closure plus boot/runspace/console/integration smoke."
"301","96","48","System.Globalization.Calendars.dll","15656","0.015","BCL","UNPROVEN_BCL","Framework assembly; keep only with explicit reference/capability evidence.","Static reference closure plus boot/runspace/console/integration smoke."
"302","100","50","System.Globalization.dll","15656","0.015","BCL","UNPROVEN_BCL","Framework assembly; keep only with explicit reference/capability evidence.","Static reference closure plus boot/runspace/console/integration smoke."
"303","98","49","System.Globalization.Extensions.dll","15656","0.015","BCL","UNPROVEN_BCL","Framework assembly; keep only with explicit reference/capability evidence.","Static reference closure plus boot/runspace/console/integration smoke."
"304","132","66","System.IO.dll","15656","0.015","BCL","UNPROVEN_BCL","Framework assembly; keep only with explicit reference/capability evidence.","Static reference closure plus boot/runspace/console/integration smoke."
"305","118","59","System.IO.FileSystem.dll","15656","0.015","BCL","UNPROVEN_BCL","Framework assembly; keep only with explicit reference/capability evidence.","Static reference closure plus boot/runspace/console/integration smoke."
"306","130","65","System.IO.UnmanagedMemoryStream.dll","15656","0.015","BCL","UNPROVEN_BCL","Framework assembly; keep only with explicit reference/capability evidence.","Static reference closure plus boot/runspace/console/integration smoke."
"307","232","116","System.Runtime.Handles.dll","15656","0.015","BCL","UNPROVEN_BCL","Framework assembly; keep only with explicit reference/capability evidence.","Static reference closure plus boot/runspace/console/integration smoke."
"308","236","118","System.Runtime.InteropServices.RuntimeInformation.dll","15656","0.015","BCL","UNPROVEN_BCL","Framework assembly; keep only with explicit reference/capability evidence.","Static reference closure plus boot/runspace/console/integration smoke."
"309","242","121","System.Runtime.Loader.dll","15656","0.015","BCL","UNPROVEN_BCL","Framework assembly; keep only with explicit reference/capability evidence.","Static reference closure plus boot/runspace/console/integration smoke."
"310","270","135","System.Security.Cryptography.OpenSsl.dll","15656","0.015","BCL","UNPROVEN_BCL","Framework assembly; keep only with explicit reference/capability evidence.","Static reference closure plus boot/runspace/console/integration smoke."
"311","272","136","System.Security.Cryptography.Primitives.dll","15656","0.015","BCL","UNPROVEN_BCL","Framework assembly; keep only with explicit reference/capability evidence.","Static reference closure plus boot/runspace/console/integration smoke."
"312","282","141","System.Security.SecureString.dll","15656","0.015","BCL","UNPROVEN_BCL","Framework assembly; keep only with explicit reference/capability evidence.","Static reference closure plus boot/runspace/console/integration smoke."
"313","294","147","System.Text.Encoding.dll","15656","0.015","BCL","UNPROVEN_BCL","Framework assembly; keep only with explicit reference/capability evidence.","Static reference closure plus boot/runspace/console/integration smoke."
"314","292","146","System.Text.Encoding.Extensions.dll","15656","0.015","BCL","UNPROVEN_BCL","Framework assembly; keep only with explicit reference/capability evidence.","Static reference closure plus boot/runspace/console/integration smoke."
"315","306","153","System.Threading.Overlapped.dll","15656","0.015","BCL","UNPROVEN_BCL","Framework assembly; keep only with explicit reference/capability evidence.","Static reference closure plus boot/runspace/console/integration smoke."
"316","310","155","System.Threading.Tasks.Extensions.dll","15656","0.015","BCL","UNPROVEN_BCL","Framework assembly; keep only with explicit reference/capability evidence.","Static reference closure plus boot/runspace/console/integration smoke."
"317","316","158","System.Threading.Thread.dll","15656","0.015","BCL","UNPROVEN_BCL","Framework assembly; keep only with explicit reference/capability evidence.","Static reference closure plus boot/runspace/console/integration smoke."
"318","318","159","System.Threading.ThreadPool.dll","15656","0.015","BCL","UNPROVEN_BCL","Framework assembly; keep only with explicit reference/capability evidence.","Static reference closure plus boot/runspace/console/integration smoke."
"319","328","164","System.ValueTuple.dll","15656","0.015","BCL","UNPROVEN_BCL","Framework assembly; keep only with explicit reference/capability evidence.","Static reference closure plus boot/runspace/console/integration smoke."
"320","334","167","System.Windows.dll","15656","0.015","BCL","UNPROVEN_BCL","Framework assembly; keep only with explicit reference/capability evidence.","Static reference closure plus boot/runspace/console/integration smoke."
"321","336","168","System.Xml.Linq.dll","15656","0.015","BCL","UNPROVEN_BCL","Framework assembly; keep only with explicit reference/capability evidence.","Static reference closure plus boot/runspace/console/integration smoke."
"322","348","174","System.Xml.XmlDocument.dll","15656","0.015","BCL","UNPROVEN_BCL","Framework assembly; keep only with explicit reference/capability evidence.","Static reference closure plus boot/runspace/console/integration smoke."
"323","472","236","System.ServiceModel.Duplex.dll","15432","0.015","NON_ANDROID_CARGO","REMOVE_CANDIDATE","Windows/enterprise/desktop capability not admitted to Android core.","Reference proof plus isolated omission smoke."
"324","114","57","System.IO.FileSystem.Primitives.dll","15184","0.014","BCL","UNPROVEN_BCL","Framework assembly; keep only with explicit reference/capability evidence.","Static reference closure plus boot/runspace/console/integration smoke."
"325","170","85","System.Net.ServicePoint.dll","15184","0.014","BCL","UNPROVEN_BCL","Framework assembly; keep only with explicit reference/capability evidence.","Static reference closure plus boot/runspace/console/integration smoke."
"326","28","14","System.AppContext.dll","15144","0.014","BCL","UNPROVEN_BCL","Framework assembly; keep only with explicit reference/capability evidence.","Static reference closure plus boot/runspace/console/integration smoke."
"327","30","15","System.Buffers.dll","15144","0.014","BCL","UNPROVEN_BCL","Framework assembly; keep only with explicit reference/capability evidence.","Static reference closure plus boot/runspace/console/integration smoke."
"328","80","40","System.Diagnostics.Tools.dll","15144","0.014","BCL","UNPROVEN_BCL","Framework assembly; keep only with explicit reference/capability evidence.","Static reference closure plus boot/runspace/console/integration smoke."
"329","104","52","System.IO.Compression.FileSystem.dll","15144","0.014","BCL","UNPROVEN_BCL","Framework assembly; keep only with explicit reference/capability evidence.","Static reference closure plus boot/runspace/console/integration smoke."
"330","188","94","System.Numerics.dll","15144","0.014","BCL","UNPROVEN_BCL","Framework assembly; keep only with explicit reference/capability evidence.","Static reference closure plus boot/runspace/console/integration smoke."
"331","210","105","System.Reflection.Extensions.dll","15144","0.014","LANGUAGE_RUNTIME","KEEP_IF_CLOSURE","Reflection convenience surface stays only when referenced by the proven language closure.","Static closure plus symbol inspection smoke."
"332","220","110","System.Resources.Reader.dll","15144","0.014","BCL","UNPROVEN_BCL","Framework assembly; keep only with explicit reference/capability evidence.","Static reference closure plus boot/runspace/console/integration smoke."
"333","226","113","System.Runtime.CompilerServices.Unsafe.dll","15144","0.014","LOW_LEVEL_RUNTIME","KEEP_IF_CLOSURE","Generated kernels and direct native interop may require unsafe reinterpretation without copies.","Static closure plus zero-copy/native delegate proof."
"334","280","140","System.Security.Principal.dll","15144","0.014","BCL","UNPROVEN_BCL","Framework assembly; keep only with explicit reference/capability evidence.","Static reference closure plus boot/runspace/console/integration smoke."
"335","320","160","System.Threading.Timer.dll","15144","0.014","BCL","UNPROVEN_BCL","Framework assembly; keep only with explicit reference/capability evidence.","Static reference closure plus boot/runspace/console/integration smoke."
"336","332","166","System.Web.dll","15144","0.014","BCL","UNPROVEN_BCL","Framework assembly; keep only with explicit reference/capability evidence.","Static reference closure plus boot/runspace/console/integration smoke."
"337","672","336","_Microsoft.Android.Resource.Designer.dll","2560","0.002","ANDROID_PLATFORM","ANDROID_PLATFORM","Android framework binding/interop substrate.","Boot, lifecycle, Binder, Surface, IME, and recovery receipts."
"338","673","0","_Microsoft.Android.Resource.Designer.ni.dll","0","0","STORE_SLOT","FORMAT_SLOT","Zero-byte native-image mapping slot; no managed payload.","Assembly-store structural validation only."
"339","373","0","AndroidSMA.ni.dll","0","0","STORE_SLOT","FORMAT_SLOT","Zero-byte native-image mapping slot; no managed payload.","Assembly-store structural validation only."
"340","517","0","cs/Microsoft.CodeAnalysis.CSharp.resources.ni.dll","0","0","STORE_SLOT","FORMAT_SLOT","Zero-byte native-image mapping slot; no managed payload.","Assembly-store structural validation only."
"341","491","0","cs/Microsoft.CodeAnalysis.resources.ni.dll","0","0","STORE_SLOT","FORMAT_SLOT","Zero-byte native-image mapping slot; no managed payload.","Assembly-store structural validation only."
"342","543","0","cs/System.ServiceModel.Http.resources.ni.dll","0","0","STORE_SLOT","FORMAT_SLOT","Zero-byte native-image mapping slot; no managed payload.","Assembly-store structural validation only."
"343","569","0","cs/System.ServiceModel.NetFramingBase.resources.ni.dll","0","0","STORE_SLOT","FORMAT_SLOT","Zero-byte native-image mapping slot; no managed payload.","Assembly-store structural validation only."
"344","595","0","cs/System.ServiceModel.NetTcp.resources.ni.dll","0","0","STORE_SLOT","FORMAT_SLOT","Zero-byte native-image mapping slot; no managed payload.","Assembly-store structural validation only."
"345","621","0","cs/System.ServiceModel.Primitives.resources.ni.dll","0","0","STORE_SLOT","FORMAT_SLOT","Zero-byte native-image mapping slot; no managed payload.","Assembly-store structural validation only."
"346","647","0","cs/System.Web.Services.Description.resources.ni.dll","0","0","STORE_SLOT","FORMAT_SLOT","Zero-byte native-image mapping slot; no managed payload.","Assembly-store structural validation only."
"347","519","0","de/Microsoft.CodeAnalysis.CSharp.resources.ni.dll","0","0","STORE_SLOT","FORMAT_SLOT","Zero-byte native-image mapping slot; no managed payload.","Assembly-store structural validation only."
"348","493","0","de/Microsoft.CodeAnalysis.resources.ni.dll","0","0","STORE_SLOT","FORMAT_SLOT","Zero-byte native-image mapping slot; no managed payload.","Assembly-store structural validation only."
"349","545","0","de/System.ServiceModel.Http.resources.ni.dll","0","0","STORE_SLOT","FORMAT_SLOT","Zero-byte native-image mapping slot; no managed payload.","Assembly-store structural validation only."
"350","571","0","de/System.ServiceModel.NetFramingBase.resources.ni.dll","0","0","STORE_SLOT","FORMAT_SLOT","Zero-byte native-image mapping slot; no managed payload.","Assembly-store structural validation only."
"351","597","0","de/System.ServiceModel.NetTcp.resources.ni.dll","0","0","STORE_SLOT","FORMAT_SLOT","Zero-byte native-image mapping slot; no managed payload.","Assembly-store structural validation only."
"352","623","0","de/System.ServiceModel.Primitives.resources.ni.dll","0","0","STORE_SLOT","FORMAT_SLOT","Zero-byte native-image mapping slot; no managed payload.","Assembly-store structural validation only."
"353","649","0","de/System.Web.Services.Description.resources.ni.dll","0","0","STORE_SLOT","FORMAT_SLOT","Zero-byte native-image mapping slot; no managed payload.","Assembly-store structural validation only."
"354","521","0","es/Microsoft.CodeAnalysis.CSharp.resources.ni.dll","0","0","STORE_SLOT","FORMAT_SLOT","Zero-byte native-image mapping slot; no managed payload.","Assembly-store structural validation only."
"355","495","0","es/Microsoft.CodeAnalysis.resources.ni.dll","0","0","STORE_SLOT","FORMAT_SLOT","Zero-byte native-image mapping slot; no managed payload.","Assembly-store structural validation only."
"356","547","0","es/System.ServiceModel.Http.resources.ni.dll","0","0","STORE_SLOT","FORMAT_SLOT","Zero-byte native-image mapping slot; no managed payload.","Assembly-store structural validation only."
"357","573","0","es/System.ServiceModel.NetFramingBase.resources.ni.dll","0","0","STORE_SLOT","FORMAT_SLOT","Zero-byte native-image mapping slot; no managed payload.","Assembly-store structural validation only."
"358","599","0","es/System.ServiceModel.NetTcp.resources.ni.dll","0","0","STORE_SLOT","FORMAT_SLOT","Zero-byte native-image mapping slot; no managed payload.","Assembly-store structural validation only."
"359","625","0","es/System.ServiceModel.Primitives.resources.ni.dll","0","0","STORE_SLOT","FORMAT_SLOT","Zero-byte native-image mapping slot; no managed payload.","Assembly-store structural validation only."
"360","651","0","es/System.Web.Services.Description.resources.ni.dll","0","0","STORE_SLOT","FORMAT_SLOT","Zero-byte native-image mapping slot; no managed payload.","Assembly-store structural validation only."
"361","523","0","fr/Microsoft.CodeAnalysis.CSharp.resources.ni.dll","0","0","STORE_SLOT","FORMAT_SLOT","Zero-byte native-image mapping slot; no managed payload.","Assembly-store structural validation only."
"362","497","0","fr/Microsoft.CodeAnalysis.resources.ni.dll","0","0","STORE_SLOT","FORMAT_SLOT","Zero-byte native-image mapping slot; no managed payload.","Assembly-store structural validation only."
"363","549","0","fr/System.ServiceModel.Http.resources.ni.dll","0","0","STORE_SLOT","FORMAT_SLOT","Zero-byte native-image mapping slot; no managed payload.","Assembly-store structural validation only."
"364","575","0","fr/System.ServiceModel.NetFramingBase.resources.ni.dll","0","0","STORE_SLOT","FORMAT_SLOT","Zero-byte native-image mapping slot; no managed payload.","Assembly-store structural validation only."
"365","601","0","fr/System.ServiceModel.NetTcp.resources.ni.dll","0","0","STORE_SLOT","FORMAT_SLOT","Zero-byte native-image mapping slot; no managed payload.","Assembly-store structural validation only."
"366","627","0","fr/System.ServiceModel.Primitives.resources.ni.dll","0","0","STORE_SLOT","FORMAT_SLOT","Zero-byte native-image mapping slot; no managed payload.","Assembly-store structural validation only."
"367","653","0","fr/System.Web.Services.Description.resources.ni.dll","0","0","STORE_SLOT","FORMAT_SLOT","Zero-byte native-image mapping slot; no managed payload.","Assembly-store structural validation only."
"368","375","0","Humanizer.ni.dll","0","0","STORE_SLOT","FORMAT_SLOT","Zero-byte native-image mapping slot; no managed payload.","Assembly-store structural validation only."
"369","525","0","it/Microsoft.CodeAnalysis.CSharp.resources.ni.dll","0","0","STORE_SLOT","FORMAT_SLOT","Zero-byte native-image mapping slot; no managed payload.","Assembly-store structural validation only."
"370","499","0","it/Microsoft.CodeAnalysis.resources.ni.dll","0","0","STORE_SLOT","FORMAT_SLOT","Zero-byte native-image mapping slot; no managed payload.","Assembly-store structural validation only."
"371","551","0","it/System.ServiceModel.Http.resources.ni.dll","0","0","STORE_SLOT","FORMAT_SLOT","Zero-byte native-image mapping slot; no managed payload.","Assembly-store structural validation only."
"372","577","0","it/System.ServiceModel.NetFramingBase.resources.ni.dll","0","0","STORE_SLOT","FORMAT_SLOT","Zero-byte native-image mapping slot; no managed payload.","Assembly-store structural validation only."
"373","603","0","it/System.ServiceModel.NetTcp.resources.ni.dll","0","0","STORE_SLOT","FORMAT_SLOT","Zero-byte native-image mapping slot; no managed payload.","Assembly-store structural validation only."
"374","629","0","it/System.ServiceModel.Primitives.resources.ni.dll","0","0","STORE_SLOT","FORMAT_SLOT","Zero-byte native-image mapping slot; no managed payload.","Assembly-store structural validation only."
"375","655","0","it/System.Web.Services.Description.resources.ni.dll","0","0","STORE_SLOT","FORMAT_SLOT","Zero-byte native-image mapping slot; no managed payload.","Assembly-store structural validation only."
"376","527","0","ja/Microsoft.CodeAnalysis.CSharp.resources.ni.dll","0","0","STORE_SLOT","FORMAT_SLOT","Zero-byte native-image mapping slot; no managed payload.","Assembly-store structural validation only."
"377","501","0","ja/Microsoft.CodeAnalysis.resources.ni.dll","0","0","STORE_SLOT","FORMAT_SLOT","Zero-byte native-image mapping slot; no managed payload.","Assembly-store structural validation only."
"378","553","0","ja/System.ServiceModel.Http.resources.ni.dll","0","0","STORE_SLOT","FORMAT_SLOT","Zero-byte native-image mapping slot; no managed payload.","Assembly-store structural validation only."
"379","579","0","ja/System.ServiceModel.NetFramingBase.resources.ni.dll","0","0","STORE_SLOT","FORMAT_SLOT","Zero-byte native-image mapping slot; no managed payload.","Assembly-store structural validation only."
"380","605","0","ja/System.ServiceModel.NetTcp.resources.ni.dll","0","0","STORE_SLOT","FORMAT_SLOT","Zero-byte native-image mapping slot; no managed payload.","Assembly-store structural validation only."
"381","631","0","ja/System.ServiceModel.Primitives.resources.ni.dll","0","0","STORE_SLOT","FORMAT_SLOT","Zero-byte native-image mapping slot; no managed payload.","Assembly-store structural validation only."
"382","657","0","ja/System.Web.Services.Description.resources.ni.dll","0","0","STORE_SLOT","FORMAT_SLOT","Zero-byte native-image mapping slot; no managed payload.","Assembly-store structural validation only."
"383","363","0","Java.Interop.ni.dll","0","0","STORE_SLOT","FORMAT_SLOT","Zero-byte native-image mapping slot; no managed payload.","Assembly-store structural validation only."
"384","377","0","Json.More.ni.dll","0","0","STORE_SLOT","FORMAT_SLOT","Zero-byte native-image mapping slot; no managed payload.","Assembly-store structural validation only."
"385","379","0","JsonPointer.Net.ni.dll","0","0","STORE_SLOT","FORMAT_SLOT","Zero-byte native-image mapping slot; no managed payload.","Assembly-store structural validation only."
"386","381","0","JsonSchema.Net.ni.dll","0","0","STORE_SLOT","FORMAT_SLOT","Zero-byte native-image mapping slot; no managed payload.","Assembly-store structural validation only."
"387","529","0","ko/Microsoft.CodeAnalysis.CSharp.resources.ni.dll","0","0","STORE_SLOT","FORMAT_SLOT","Zero-byte native-image mapping slot; no managed payload.","Assembly-store structural validation only."
"388","503","0","ko/Microsoft.CodeAnalysis.resources.ni.dll","0","0","STORE_SLOT","FORMAT_SLOT","Zero-byte native-image mapping slot; no managed payload.","Assembly-store structural validation only."
"389","555","0","ko/System.ServiceModel.Http.resources.ni.dll","0","0","STORE_SLOT","FORMAT_SLOT","Zero-byte native-image mapping slot; no managed payload.","Assembly-store structural validation only."
"390","581","0","ko/System.ServiceModel.NetFramingBase.resources.ni.dll","0","0","STORE_SLOT","FORMAT_SLOT","Zero-byte native-image mapping slot; no managed payload.","Assembly-store structural validation only."
"391","607","0","ko/System.ServiceModel.NetTcp.resources.ni.dll","0","0","STORE_SLOT","FORMAT_SLOT","Zero-byte native-image mapping slot; no managed payload.","Assembly-store structural validation only."
"392","633","0","ko/System.ServiceModel.Primitives.resources.ni.dll","0","0","STORE_SLOT","FORMAT_SLOT","Zero-byte native-image mapping slot; no managed payload.","Assembly-store structural validation only."
"393","659","0","ko/System.Web.Services.Description.resources.ni.dll","0","0","STORE_SLOT","FORMAT_SLOT","Zero-byte native-image mapping slot; no managed payload.","Assembly-store structural validation only."
"394","383","0","Markdig.Signed.ni.dll","0","0","STORE_SLOT","FORMAT_SLOT","Zero-byte native-image mapping slot; no managed payload.","Assembly-store structural validation only."
"395","385","0","Microsoft.ApplicationInsights.ni.dll","0","0","STORE_SLOT","FORMAT_SLOT","Zero-byte native-image mapping slot; no managed payload.","Assembly-store structural validation only."
"396","387","0","Microsoft.Bcl.AsyncInterfaces.ni.dll","0","0","STORE_SLOT","FORMAT_SLOT","Zero-byte native-image mapping slot; no managed payload.","Assembly-store structural validation only."
"397","391","0","Microsoft.CodeAnalysis.CSharp.ni.dll","0","0","STORE_SLOT","FORMAT_SLOT","Zero-byte native-image mapping slot; no managed payload.","Assembly-store structural validation only."
"398","389","0","Microsoft.CodeAnalysis.ni.dll","0","0","STORE_SLOT","FORMAT_SLOT","Zero-byte native-image mapping slot; no managed payload.","Assembly-store structural validation only."
"399","1","0","Microsoft.CSharp.ni.dll","0","0","STORE_SLOT","FORMAT_SLOT","Zero-byte native-image mapping slot; no managed payload.","Assembly-store structural validation only."
"400","3","0","Microsoft.Extensions.Caching.Abstractions.ni.dll","0","0","STORE_SLOT","FORMAT_SLOT","Zero-byte native-image mapping slot; no managed payload.","Assembly-store structural validation only."
"401","5","0","Microsoft.Extensions.Configuration.Abstractions.ni.dll","0","0","STORE_SLOT","FORMAT_SLOT","Zero-byte native-image mapping slot; no managed payload.","Assembly-store structural validation only."
"402","7","0","Microsoft.Extensions.DependencyInjection.Abstractions.ni.dll","0","0","STORE_SLOT","FORMAT_SLOT","Zero-byte native-image mapping slot; no managed payload.","Assembly-store structural validation only."
"403","9","0","Microsoft.Extensions.Diagnostics.Abstractions.ni.dll","0","0","STORE_SLOT","FORMAT_SLOT","Zero-byte native-image mapping slot; no managed payload.","Assembly-store structural validation only."
"404","11","0","Microsoft.Extensions.FileProviders.Abstractions.ni.dll","0","0","STORE_SLOT","FORMAT_SLOT","Zero-byte native-image mapping slot; no managed payload.","Assembly-store structural validation only."
"405","13","0","Microsoft.Extensions.Hosting.Abstractions.ni.dll","0","0","STORE_SLOT","FORMAT_SLOT","Zero-byte native-image mapping slot; no managed payload.","Assembly-store structural validation only."
"406","15","0","Microsoft.Extensions.Logging.Abstractions.ni.dll","0","0","STORE_SLOT","FORMAT_SLOT","Zero-byte native-image mapping slot; no managed payload.","Assembly-store structural validation only."
"407","393","0","Microsoft.Extensions.ObjectPool.ni.dll","0","0","STORE_SLOT","FORMAT_SLOT","Zero-byte native-image mapping slot; no managed payload.","Assembly-store structural validation only."
"408","17","0","Microsoft.Extensions.Options.ni.dll","0","0","STORE_SLOT","FORMAT_SLOT","Zero-byte native-image mapping slot; no managed payload.","Assembly-store structural validation only."
"409","19","0","Microsoft.Extensions.Primitives.ni.dll","0","0","STORE_SLOT","FORMAT_SLOT","Zero-byte native-image mapping slot; no managed payload.","Assembly-store structural validation only."
"410","395","0","Microsoft.Management.Infrastructure.ni.dll","0","0","STORE_SLOT","FORMAT_SLOT","Zero-byte native-image mapping slot; no managed payload.","Assembly-store structural validation only."
"411","397","0","Microsoft.PowerShell.Commands.Management.ni.dll","0","0","STORE_SLOT","FORMAT_SLOT","Zero-byte native-image mapping slot; no managed payload.","Assembly-store structural validation only."
"412","399","0","Microsoft.PowerShell.Commands.Utility.ni.dll","0","0","STORE_SLOT","FORMAT_SLOT","Zero-byte native-image mapping slot; no managed payload.","Assembly-store structural validation only."
"413","401","0","Microsoft.PowerShell.ConsoleHost.ni.dll","0","0","STORE_SLOT","FORMAT_SLOT","Zero-byte native-image mapping slot; no managed payload.","Assembly-store structural validation only."
"414","403","0","Microsoft.PowerShell.MarkdownRender.ni.dll","0","0","STORE_SLOT","FORMAT_SLOT","Zero-byte native-image mapping slot; no managed payload.","Assembly-store structural validation only."
"415","405","0","Microsoft.PowerShell.SDK.ni.dll","0","0","STORE_SLOT","FORMAT_SLOT","Zero-byte native-image mapping slot; no managed payload.","Assembly-store structural validation only."
"416","407","0","Microsoft.PowerShell.Security.ni.dll","0","0","STORE_SLOT","FORMAT_SLOT","Zero-byte native-image mapping slot; no managed payload.","Assembly-store structural validation only."
"417","21","0","Microsoft.VisualBasic.Core.ni.dll","0","0","STORE_SLOT","FORMAT_SLOT","Zero-byte native-image mapping slot; no managed payload.","Assembly-store structural validation only."
"418","23","0","Microsoft.VisualBasic.ni.dll","0","0","STORE_SLOT","FORMAT_SLOT","Zero-byte native-image mapping slot; no managed payload.","Assembly-store structural validation only."
"419","25","0","Microsoft.Win32.Primitives.ni.dll","0","0","STORE_SLOT","FORMAT_SLOT","Zero-byte native-image mapping slot; no managed payload.","Assembly-store structural validation only."
"420","409","0","Microsoft.Win32.Registry.AccessControl.ni.dll","0","0","STORE_SLOT","FORMAT_SLOT","Zero-byte native-image mapping slot; no managed payload.","Assembly-store structural validation only."
"421","27","0","Microsoft.Win32.Registry.ni.dll","0","0","STORE_SLOT","FORMAT_SLOT","Zero-byte native-image mapping slot; no managed payload.","Assembly-store structural validation only."
"422","411","0","Microsoft.Win32.SystemEvents.ni.dll","0","0","STORE_SLOT","FORMAT_SLOT","Zero-byte native-image mapping slot; no managed payload.","Assembly-store structural validation only."
"423","365","0","Mono.Android.Export.ni.dll","0","0","STORE_SLOT","FORMAT_SLOT","Zero-byte native-image mapping slot; no managed payload.","Assembly-store structural validation only."
"424","369","0","Mono.Android.ni.dll","0","0","STORE_SLOT","FORMAT_SLOT","Zero-byte native-image mapping slot; no managed payload.","Assembly-store structural validation only."
"425","367","0","Mono.Android.Runtime.ni.dll","0","0","STORE_SLOT","FORMAT_SLOT","Zero-byte native-image mapping slot; no managed payload.","Assembly-store structural validation only."
"426","359","0","mscorlib.ni.dll","0","0","STORE_SLOT","FORMAT_SLOT","Zero-byte native-image mapping slot; no managed payload.","Assembly-store structural validation only."
"427","361","0","netstandard.ni.dll","0","0","STORE_SLOT","FORMAT_SLOT","Zero-byte native-image mapping slot; no managed payload.","Assembly-store structural validation only."
"428","413","0","Newtonsoft.Json.ni.dll","0","0","STORE_SLOT","FORMAT_SLOT","Zero-byte native-image mapping slot; no managed payload.","Assembly-store structural validation only."
"429","531","0","pl/Microsoft.CodeAnalysis.CSharp.resources.ni.dll","0","0","STORE_SLOT","FORMAT_SLOT","Zero-byte native-image mapping slot; no managed payload.","Assembly-store structural validation only."
"430","505","0","pl/Microsoft.CodeAnalysis.resources.ni.dll","0","0","STORE_SLOT","FORMAT_SLOT","Zero-byte native-image mapping slot; no managed payload.","Assembly-store structural validation only."
"431","557","0","pl/System.ServiceModel.Http.resources.ni.dll","0","0","STORE_SLOT","FORMAT_SLOT","Zero-byte native-image mapping slot; no managed payload.","Assembly-store structural validation only."
"432","583","0","pl/System.ServiceModel.NetFramingBase.resources.ni.dll","0","0","STORE_SLOT","FORMAT_SLOT","Zero-byte native-image mapping slot; no managed payload.","Assembly-store structural validation only."
"433","609","0","pl/System.ServiceModel.NetTcp.resources.ni.dll","0","0","STORE_SLOT","FORMAT_SLOT","Zero-byte native-image mapping slot; no managed payload.","Assembly-store structural validation only."
"434","635","0","pl/System.ServiceModel.Primitives.resources.ni.dll","0","0","STORE_SLOT","FORMAT_SLOT","Zero-byte native-image mapping slot; no managed payload.","Assembly-store structural validation only."
"435","661","0","pl/System.Web.Services.Description.resources.ni.dll","0","0","STORE_SLOT","FORMAT_SLOT","Zero-byte native-image mapping slot; no managed payload.","Assembly-store structural validation only."
"436","533","0","pt-BR/Microsoft.CodeAnalysis.CSharp.resources.ni.dll","0","0","STORE_SLOT","FORMAT_SLOT","Zero-byte native-image mapping slot; no managed payload.","Assembly-store structural validation only."
"437","507","0","pt-BR/Microsoft.CodeAnalysis.resources.ni.dll","0","0","STORE_SLOT","FORMAT_SLOT","Zero-byte native-image mapping slot; no managed payload.","Assembly-store structural validation only."
"438","559","0","pt-BR/System.ServiceModel.Http.resources.ni.dll","0","0","STORE_SLOT","FORMAT_SLOT","Zero-byte native-image mapping slot; no managed payload.","Assembly-store structural validation only."
"439","585","0","pt-BR/System.ServiceModel.NetFramingBase.resources.ni.dll","0","0","STORE_SLOT","FORMAT_SLOT","Zero-byte native-image mapping slot; no managed payload.","Assembly-store structural validation only."
"440","611","0","pt-BR/System.ServiceModel.NetTcp.resources.ni.dll","0","0","STORE_SLOT","FORMAT_SLOT","Zero-byte native-image mapping slot; no managed payload.","Assembly-store structural validation only."
"441","637","0","pt-BR/System.ServiceModel.Primitives.resources.ni.dll","0","0","STORE_SLOT","FORMAT_SLOT","Zero-byte native-image mapping slot; no managed payload.","Assembly-store structural validation only."
"442","663","0","pt-BR/System.Web.Services.Description.resources.ni.dll","0","0","STORE_SLOT","FORMAT_SLOT","Zero-byte native-image mapping slot; no managed payload.","Assembly-store structural validation only."
"443","535","0","ru/Microsoft.CodeAnalysis.CSharp.resources.ni.dll","0","0","STORE_SLOT","FORMAT_SLOT","Zero-byte native-image mapping slot; no managed payload.","Assembly-store structural validation only."
"444","509","0","ru/Microsoft.CodeAnalysis.resources.ni.dll","0","0","STORE_SLOT","FORMAT_SLOT","Zero-byte native-image mapping slot; no managed payload.","Assembly-store structural validation only."
"445","561","0","ru/System.ServiceModel.Http.resources.ni.dll","0","0","STORE_SLOT","FORMAT_SLOT","Zero-byte native-image mapping slot; no managed payload.","Assembly-store structural validation only."
"446","587","0","ru/System.ServiceModel.NetFramingBase.resources.ni.dll","0","0","STORE_SLOT","FORMAT_SLOT","Zero-byte native-image mapping slot; no managed payload.","Assembly-store structural validation only."
"447","613","0","ru/System.ServiceModel.NetTcp.resources.ni.dll","0","0","STORE_SLOT","FORMAT_SLOT","Zero-byte native-image mapping slot; no managed payload.","Assembly-store structural validation only."
"448","639","0","ru/System.ServiceModel.Primitives.resources.ni.dll","0","0","STORE_SLOT","FORMAT_SLOT","Zero-byte native-image mapping slot; no managed payload.","Assembly-store structural validation only."
"449","665","0","ru/System.Web.Services.Description.resources.ni.dll","0","0","STORE_SLOT","FORMAT_SLOT","Zero-byte native-image mapping slot; no managed payload.","Assembly-store structural validation only."
"450","29","0","System.AppContext.ni.dll","0","0","STORE_SLOT","FORMAT_SLOT","Zero-byte native-image mapping slot; no managed payload.","Assembly-store structural validation only."
"451","31","0","System.Buffers.ni.dll","0","0","STORE_SLOT","FORMAT_SLOT","Zero-byte native-image mapping slot; no managed payload.","Assembly-store structural validation only."
"452","415","0","System.CodeDom.ni.dll","0","0","STORE_SLOT","FORMAT_SLOT","Zero-byte native-image mapping slot; no managed payload.","Assembly-store structural validation only."
"453","33","0","System.Collections.Concurrent.ni.dll","0","0","STORE_SLOT","FORMAT_SLOT","Zero-byte native-image mapping slot; no managed payload.","Assembly-store structural validation only."
"454","35","0","System.Collections.Immutable.ni.dll","0","0","STORE_SLOT","FORMAT_SLOT","Zero-byte native-image mapping slot; no managed payload.","Assembly-store structural validation only."
"455","41","0","System.Collections.ni.dll","0","0","STORE_SLOT","FORMAT_SLOT","Zero-byte native-image mapping slot; no managed payload.","Assembly-store structural validation only."
"456","37","0","System.Collections.NonGeneric.ni.dll","0","0","STORE_SLOT","FORMAT_SLOT","Zero-byte native-image mapping slot; no managed payload.","Assembly-store structural validation only."
"457","39","0","System.Collections.Specialized.ni.dll","0","0","STORE_SLOT","FORMAT_SLOT","Zero-byte native-image mapping slot; no managed payload.","Assembly-store structural validation only."
"458","43","0","System.ComponentModel.Annotations.ni.dll","0","0","STORE_SLOT","FORMAT_SLOT","Zero-byte native-image mapping slot; no managed payload.","Assembly-store structural validation only."
"459","417","0","System.ComponentModel.Composition.ni.dll","0","0","STORE_SLOT","FORMAT_SLOT","Zero-byte native-image mapping slot; no managed payload.","Assembly-store structural validation only."
"460","419","0","System.ComponentModel.Composition.Registration.ni.dll","0","0","STORE_SLOT","FORMAT_SLOT","Zero-byte native-image mapping slot; no managed payload.","Assembly-store structural validation only."
"461","45","0","System.ComponentModel.DataAnnotations.ni.dll","0","0","STORE_SLOT","FORMAT_SLOT","Zero-byte native-image mapping slot; no managed payload.","Assembly-store structural validation only."
"462","47","0","System.ComponentModel.EventBasedAsync.ni.dll","0","0","STORE_SLOT","FORMAT_SLOT","Zero-byte native-image mapping slot; no managed payload.","Assembly-store structural validation only."
"463","53","0","System.ComponentModel.ni.dll","0","0","STORE_SLOT","FORMAT_SLOT","Zero-byte native-image mapping slot; no managed payload.","Assembly-store structural validation only."
"464","49","0","System.ComponentModel.Primitives.ni.dll","0","0","STORE_SLOT","FORMAT_SLOT","Zero-byte native-image mapping slot; no managed payload.","Assembly-store structural validation only."
"465","51","0","System.ComponentModel.TypeConverter.ni.dll","0","0","STORE_SLOT","FORMAT_SLOT","Zero-byte native-image mapping slot; no managed payload.","Assembly-store structural validation only."
"466","421","0","System.Configuration.ConfigurationManager.ni.dll","0","0","STORE_SLOT","FORMAT_SLOT","Zero-byte native-image mapping slot; no managed payload.","Assembly-store structural validation only."
"467","55","0","System.Configuration.ni.dll","0","0","STORE_SLOT","FORMAT_SLOT","Zero-byte native-image mapping slot; no managed payload.","Assembly-store structural validation only."
"468","57","0","System.Console.ni.dll","0","0","STORE_SLOT","FORMAT_SLOT","Zero-byte native-image mapping slot; no managed payload.","Assembly-store structural validation only."
"469","59","0","System.Core.ni.dll","0","0","STORE_SLOT","FORMAT_SLOT","Zero-byte native-image mapping slot; no managed payload.","Assembly-store structural validation only."
"470","61","0","System.Data.Common.ni.dll","0","0","STORE_SLOT","FORMAT_SLOT","Zero-byte native-image mapping slot; no managed payload.","Assembly-store structural validation only."
"471","63","0","System.Data.DataSetExtensions.ni.dll","0","0","STORE_SLOT","FORMAT_SLOT","Zero-byte native-image mapping slot; no managed payload.","Assembly-store structural validation only."
"472","65","0","System.Data.ni.dll","0","0","STORE_SLOT","FORMAT_SLOT","Zero-byte native-image mapping slot; no managed payload.","Assembly-store structural validation only."
"473","423","0","System.Data.Odbc.ni.dll","0","0","STORE_SLOT","FORMAT_SLOT","Zero-byte native-image mapping slot; no managed payload.","Assembly-store structural validation only."
"474","425","0","System.Data.OleDb.ni.dll","0","0","STORE_SLOT","FORMAT_SLOT","Zero-byte native-image mapping slot; no managed payload.","Assembly-store structural validation only."
"475","427","0","System.Data.SqlClient.ni.dll","0","0","STORE_SLOT","FORMAT_SLOT","Zero-byte native-image mapping slot; no managed payload.","Assembly-store structural validation only."
"476","67","0","System.Diagnostics.Contracts.ni.dll","0","0","STORE_SLOT","FORMAT_SLOT","Zero-byte native-image mapping slot; no managed payload.","Assembly-store structural validation only."
"477","69","0","System.Diagnostics.Debug.ni.dll","0","0","STORE_SLOT","FORMAT_SLOT","Zero-byte native-image mapping slot; no managed payload.","Assembly-store structural validation only."
"478","71","0","System.Diagnostics.DiagnosticSource.ni.dll","0","0","STORE_SLOT","FORMAT_SLOT","Zero-byte native-image mapping slot; no managed payload.","Assembly-store structural validation only."
"479","429","0","System.Diagnostics.EventLog.ni.dll","0","0","STORE_SLOT","FORMAT_SLOT","Zero-byte native-image mapping slot; no managed payload.","Assembly-store structural validation only."
"480","73","0","System.Diagnostics.FileVersionInfo.ni.dll","0","0","STORE_SLOT","FORMAT_SLOT","Zero-byte native-image mapping slot; no managed payload.","Assembly-store structural validation only."
"481","431","0","System.Diagnostics.PerformanceCounter.ni.dll","0","0","STORE_SLOT","FORMAT_SLOT","Zero-byte native-image mapping slot; no managed payload.","Assembly-store structural validation only."
"482","75","0","System.Diagnostics.Process.ni.dll","0","0","STORE_SLOT","FORMAT_SLOT","Zero-byte native-image mapping slot; no managed payload.","Assembly-store structural validation only."
"483","77","0","System.Diagnostics.StackTrace.ni.dll","0","0","STORE_SLOT","FORMAT_SLOT","Zero-byte native-image mapping slot; no managed payload.","Assembly-store structural validation only."
"484","79","0","System.Diagnostics.TextWriterTraceListener.ni.dll","0","0","STORE_SLOT","FORMAT_SLOT","Zero-byte native-image mapping slot; no managed payload.","Assembly-store structural validation only."
"485","81","0","System.Diagnostics.Tools.ni.dll","0","0","STORE_SLOT","FORMAT_SLOT","Zero-byte native-image mapping slot; no managed payload.","Assembly-store structural validation only."
"486","83","0","System.Diagnostics.TraceSource.ni.dll","0","0","STORE_SLOT","FORMAT_SLOT","Zero-byte native-image mapping slot; no managed payload.","Assembly-store structural validation only."
"487","85","0","System.Diagnostics.Tracing.ni.dll","0","0","STORE_SLOT","FORMAT_SLOT","Zero-byte native-image mapping slot; no managed payload.","Assembly-store structural validation only."
"488","435","0","System.DirectoryServices.AccountManagement.ni.dll","0","0","STORE_SLOT","FORMAT_SLOT","Zero-byte native-image mapping slot; no managed payload.","Assembly-store structural validation only."
"489","433","0","System.DirectoryServices.ni.dll","0","0","STORE_SLOT","FORMAT_SLOT","Zero-byte native-image mapping slot; no managed payload.","Assembly-store structural validation only."
"490","437","0","System.DirectoryServices.Protocols.ni.dll","0","0","STORE_SLOT","FORMAT_SLOT","Zero-byte native-image mapping slot; no managed payload.","Assembly-store structural validation only."
"491","439","0","System.Drawing.Common.ni.dll","0","0","STORE_SLOT","FORMAT_SLOT","Zero-byte native-image mapping slot; no managed payload.","Assembly-store structural validation only."
"492","89","0","System.Drawing.ni.dll","0","0","STORE_SLOT","FORMAT_SLOT","Zero-byte native-image mapping slot; no managed payload.","Assembly-store structural validation only."
"493","87","0","System.Drawing.Primitives.ni.dll","0","0","STORE_SLOT","FORMAT_SLOT","Zero-byte native-image mapping slot; no managed payload.","Assembly-store structural validation only."
"494","91","0","System.Dynamic.Runtime.ni.dll","0","0","STORE_SLOT","FORMAT_SLOT","Zero-byte native-image mapping slot; no managed payload.","Assembly-store structural validation only."
"495","93","0","System.Formats.Asn1.ni.dll","0","0","STORE_SLOT","FORMAT_SLOT","Zero-byte native-image mapping slot; no managed payload.","Assembly-store structural validation only."
"496","95","0","System.Formats.Tar.ni.dll","0","0","STORE_SLOT","FORMAT_SLOT","Zero-byte native-image mapping slot; no managed payload.","Assembly-store structural validation only."
"497","97","0","System.Globalization.Calendars.ni.dll","0","0","STORE_SLOT","FORMAT_SLOT","Zero-byte native-image mapping slot; no managed payload.","Assembly-store structural validation only."
"498","99","0","System.Globalization.Extensions.ni.dll","0","0","STORE_SLOT","FORMAT_SLOT","Zero-byte native-image mapping slot; no managed payload.","Assembly-store structural validation only."
"499","101","0","System.Globalization.ni.dll","0","0","STORE_SLOT","FORMAT_SLOT","Zero-byte native-image mapping slot; no managed payload.","Assembly-store structural validation only."
"500","103","0","System.IO.Compression.Brotli.ni.dll","0","0","STORE_SLOT","FORMAT_SLOT","Zero-byte native-image mapping slot; no managed payload.","Assembly-store structural validation only."
"501","105","0","System.IO.Compression.FileSystem.ni.dll","0","0","STORE_SLOT","FORMAT_SLOT","Zero-byte native-image mapping slot; no managed payload.","Assembly-store structural validation only."
"502","109","0","System.IO.Compression.ni.dll","0","0","STORE_SLOT","FORMAT_SLOT","Zero-byte native-image mapping slot; no managed payload.","Assembly-store structural validation only."
"503","107","0","System.IO.Compression.ZipFile.ni.dll","0","0","STORE_SLOT","FORMAT_SLOT","Zero-byte native-image mapping slot; no managed payload.","Assembly-store structural validation only."
"504","111","0","System.IO.FileSystem.AccessControl.ni.dll","0","0","STORE_SLOT","FORMAT_SLOT","Zero-byte native-image mapping slot; no managed payload.","Assembly-store structural validation only."
"505","113","0","System.IO.FileSystem.DriveInfo.ni.dll","0","0","STORE_SLOT","FORMAT_SLOT","Zero-byte native-image mapping slot; no managed payload.","Assembly-store structural validation only."
"506","119","0","System.IO.FileSystem.ni.dll","0","0","STORE_SLOT","FORMAT_SLOT","Zero-byte native-image mapping slot; no managed payload.","Assembly-store structural validation only."
"507","115","0","System.IO.FileSystem.Primitives.ni.dll","0","0","STORE_SLOT","FORMAT_SLOT","Zero-byte native-image mapping slot; no managed payload.","Assembly-store structural validation only."
"508","117","0","System.IO.FileSystem.Watcher.ni.dll","0","0","STORE_SLOT","FORMAT_SLOT","Zero-byte native-image mapping slot; no managed payload.","Assembly-store structural validation only."
"509","371","0","System.IO.Hashing.ni.dll","0","0","STORE_SLOT","FORMAT_SLOT","Zero-byte native-image mapping slot; no managed payload.","Assembly-store structural validation only."
"510","121","0","System.IO.IsolatedStorage.ni.dll","0","0","STORE_SLOT","FORMAT_SLOT","Zero-byte native-image mapping slot; no managed payload.","Assembly-store structural validation only."
"511","123","0","System.IO.MemoryMappedFiles.ni.dll","0","0","STORE_SLOT","FORMAT_SLOT","Zero-byte native-image mapping slot; no managed payload.","Assembly-store structural validation only."
"512","133","0","System.IO.ni.dll","0","0","STORE_SLOT","FORMAT_SLOT","Zero-byte native-image mapping slot; no managed payload.","Assembly-store structural validation only."
"513","445","0","System.IO.Packaging.ni.dll","0","0","STORE_SLOT","FORMAT_SLOT","Zero-byte native-image mapping slot; no managed payload.","Assembly-store structural validation only."
"514","125","0","System.IO.Pipelines.ni.dll","0","0","STORE_SLOT","FORMAT_SLOT","Zero-byte native-image mapping slot; no managed payload.","Assembly-store structural validation only."
"515","127","0","System.IO.Pipes.AccessControl.ni.dll","0","0","STORE_SLOT","FORMAT_SLOT","Zero-byte native-image mapping slot; no managed payload.","Assembly-store structural validation only."
"516","129","0","System.IO.Pipes.ni.dll","0","0","STORE_SLOT","FORMAT_SLOT","Zero-byte native-image mapping slot; no managed payload.","Assembly-store structural validation only."
"517","447","0","System.IO.Ports.ni.dll","0","0","STORE_SLOT","FORMAT_SLOT","Zero-byte native-image mapping slot; no managed payload.","Assembly-store structural validation only."
"518","131","0","System.IO.UnmanagedMemoryStream.ni.dll","0","0","STORE_SLOT","FORMAT_SLOT","Zero-byte native-image mapping slot; no managed payload.","Assembly-store structural validation only."
"519","135","0","System.Linq.AsyncEnumerable.ni.dll","0","0","STORE_SLOT","FORMAT_SLOT","Zero-byte native-image mapping slot; no managed payload.","Assembly-store structural validation only."
"520","137","0","System.Linq.Expressions.ni.dll","0","0","STORE_SLOT","FORMAT_SLOT","Zero-byte native-image mapping slot; no managed payload.","Assembly-store structural validation only."
"521","143","0","System.Linq.ni.dll","0","0","STORE_SLOT","FORMAT_SLOT","Zero-byte native-image mapping slot; no managed payload.","Assembly-store structural validation only."
"522","139","0","System.Linq.Parallel.ni.dll","0","0","STORE_SLOT","FORMAT_SLOT","Zero-byte native-image mapping slot; no managed payload.","Assembly-store structural validation only."
"523","141","0","System.Linq.Queryable.ni.dll","0","0","STORE_SLOT","FORMAT_SLOT","Zero-byte native-image mapping slot; no managed payload.","Assembly-store structural validation only."
"524","451","0","System.Management.Automation.ni.dll","0","0","STORE_SLOT","FORMAT_SLOT","Zero-byte native-image mapping slot; no managed payload.","Assembly-store structural validation only."
"525","449","0","System.Management.ni.dll","0","0","STORE_SLOT","FORMAT_SLOT","Zero-byte native-image mapping slot; no managed payload.","Assembly-store structural validation only."
"526","145","0","System.Memory.ni.dll","0","0","STORE_SLOT","FORMAT_SLOT","Zero-byte native-image mapping slot; no managed payload.","Assembly-store structural validation only."
"527","147","0","System.Net.Http.Json.ni.dll","0","0","STORE_SLOT","FORMAT_SLOT","Zero-byte native-image mapping slot; no managed payload.","Assembly-store structural validation only."
"528","149","0","System.Net.Http.ni.dll","0","0","STORE_SLOT","FORMAT_SLOT","Zero-byte native-image mapping slot; no managed payload.","Assembly-store structural validation only."
"529","453","0","System.Net.Http.WinHttpHandler.ni.dll","0","0","STORE_SLOT","FORMAT_SLOT","Zero-byte native-image mapping slot; no managed payload.","Assembly-store structural validation only."
"530","151","0","System.Net.HttpListener.ni.dll","0","0","STORE_SLOT","FORMAT_SLOT","Zero-byte native-image mapping slot; no managed payload.","Assembly-store structural validation only."
"531","153","0","System.Net.Mail.ni.dll","0","0","STORE_SLOT","FORMAT_SLOT","Zero-byte native-image mapping slot; no managed payload.","Assembly-store structural validation only."
"532","155","0","System.Net.NameResolution.ni.dll","0","0","STORE_SLOT","FORMAT_SLOT","Zero-byte native-image mapping slot; no managed payload.","Assembly-store structural validation only."
"533","157","0","System.Net.NetworkInformation.ni.dll","0","0","STORE_SLOT","FORMAT_SLOT","Zero-byte native-image mapping slot; no managed payload.","Assembly-store structural validation only."
"534","185","0","System.Net.ni.dll","0","0","STORE_SLOT","FORMAT_SLOT","Zero-byte native-image mapping slot; no managed payload.","Assembly-store structural validation only."
"535","159","0","System.Net.Ping.ni.dll","0","0","STORE_SLOT","FORMAT_SLOT","Zero-byte native-image mapping slot; no managed payload.","Assembly-store structural validation only."
"536","161","0","System.Net.Primitives.ni.dll","0","0","STORE_SLOT","FORMAT_SLOT","Zero-byte native-image mapping slot; no managed payload.","Assembly-store structural validation only."
"537","163","0","System.Net.Quic.ni.dll","0","0","STORE_SLOT","FORMAT_SLOT","Zero-byte native-image mapping slot; no managed payload.","Assembly-store structural validation only."
"538","165","0","System.Net.Requests.ni.dll","0","0","STORE_SLOT","FORMAT_SLOT","Zero-byte native-image mapping slot; no managed payload.","Assembly-store structural validation only."
"539","167","0","System.Net.Security.ni.dll","0","0","STORE_SLOT","FORMAT_SLOT","Zero-byte native-image mapping slot; no managed payload.","Assembly-store structural validation only."
"540","169","0","System.Net.ServerSentEvents.ni.dll","0","0","STORE_SLOT","FORMAT_SLOT","Zero-byte native-image mapping slot; no managed payload.","Assembly-store structural validation only."
"541","171","0","System.Net.ServicePoint.ni.dll","0","0","STORE_SLOT","FORMAT_SLOT","Zero-byte native-image mapping slot; no managed payload.","Assembly-store structural validation only."
"542","173","0","System.Net.Sockets.ni.dll","0","0","STORE_SLOT","FORMAT_SLOT","Zero-byte native-image mapping slot; no managed payload.","Assembly-store structural validation only."
"543","175","0","System.Net.WebClient.ni.dll","0","0","STORE_SLOT","FORMAT_SLOT","Zero-byte native-image mapping slot; no managed payload.","Assembly-store structural validation only."
"544","177","0","System.Net.WebHeaderCollection.ni.dll","0","0","STORE_SLOT","FORMAT_SLOT","Zero-byte native-image mapping slot; no managed payload.","Assembly-store structural validation only."
"545","179","0","System.Net.WebProxy.ni.dll","0","0","STORE_SLOT","FORMAT_SLOT","Zero-byte native-image mapping slot; no managed payload.","Assembly-store structural validation only."
"546","181","0","System.Net.WebSockets.Client.ni.dll","0","0","STORE_SLOT","FORMAT_SLOT","Zero-byte native-image mapping slot; no managed payload.","Assembly-store structural validation only."
"547","183","0","System.Net.WebSockets.ni.dll","0","0","STORE_SLOT","FORMAT_SLOT","Zero-byte native-image mapping slot; no managed payload.","Assembly-store structural validation only."
"548","355","0","System.ni.dll","0","0","STORE_SLOT","FORMAT_SLOT","Zero-byte native-image mapping slot; no managed payload.","Assembly-store structural validation only."
"549","189","0","System.Numerics.ni.dll","0","0","STORE_SLOT","FORMAT_SLOT","Zero-byte native-image mapping slot; no managed payload.","Assembly-store structural validation only."
"550","187","0","System.Numerics.Vectors.ni.dll","0","0","STORE_SLOT","FORMAT_SLOT","Zero-byte native-image mapping slot; no managed payload.","Assembly-store structural validation only."
"551","191","0","System.ObjectModel.ni.dll","0","0","STORE_SLOT","FORMAT_SLOT","Zero-byte native-image mapping slot; no managed payload.","Assembly-store structural validation only."
"552","193","0","System.Private.CoreLib.ni.dll","0","0","STORE_SLOT","FORMAT_SLOT","Zero-byte native-image mapping slot; no managed payload.","Assembly-store structural validation only."
"553","195","0","System.Private.DataContractSerialization.ni.dll","0","0","STORE_SLOT","FORMAT_SLOT","Zero-byte native-image mapping slot; no managed payload.","Assembly-store structural validation only."
"554","197","0","System.Private.Uri.ni.dll","0","0","STORE_SLOT","FORMAT_SLOT","Zero-byte native-image mapping slot; no managed payload.","Assembly-store structural validation only."
"555","441","0","System.Private.Windows.Core.ni.dll","0","0","STORE_SLOT","FORMAT_SLOT","Zero-byte native-image mapping slot; no managed payload.","Assembly-store structural validation only."
"556","443","0","System.Private.Windows.GdiPlus.ni.dll","0","0","STORE_SLOT","FORMAT_SLOT","Zero-byte native-image mapping slot; no managed payload.","Assembly-store structural validation only."
"557","199","0","System.Private.Xml.Linq.ni.dll","0","0","STORE_SLOT","FORMAT_SLOT","Zero-byte native-image mapping slot; no managed payload.","Assembly-store structural validation only."
"558","201","0","System.Private.Xml.ni.dll","0","0","STORE_SLOT","FORMAT_SLOT","Zero-byte native-image mapping slot; no managed payload.","Assembly-store structural validation only."
"559","455","0","System.Reflection.Context.ni.dll","0","0","STORE_SLOT","FORMAT_SLOT","Zero-byte native-image mapping slot; no managed payload.","Assembly-store structural validation only."
"560","203","0","System.Reflection.DispatchProxy.ni.dll","0","0","STORE_SLOT","FORMAT_SLOT","Zero-byte native-image mapping slot; no managed payload.","Assembly-store structural validation only."
"561","205","0","System.Reflection.Emit.ILGeneration.ni.dll","0","0","STORE_SLOT","FORMAT_SLOT","Zero-byte native-image mapping slot; no managed payload.","Assembly-store structural validation only."
"562","207","0","System.Reflection.Emit.Lightweight.ni.dll","0","0","STORE_SLOT","FORMAT_SLOT","Zero-byte native-image mapping slot; no managed payload.","Assembly-store structural validation only."
"563","209","0","System.Reflection.Emit.ni.dll","0","0","STORE_SLOT","FORMAT_SLOT","Zero-byte native-image mapping slot; no managed payload.","Assembly-store structural validation only."
"564","211","0","System.Reflection.Extensions.ni.dll","0","0","STORE_SLOT","FORMAT_SLOT","Zero-byte native-image mapping slot; no managed payload.","Assembly-store structural validation only."
"565","213","0","System.Reflection.Metadata.ni.dll","0","0","STORE_SLOT","FORMAT_SLOT","Zero-byte native-image mapping slot; no managed payload.","Assembly-store structural validation only."
"566","219","0","System.Reflection.ni.dll","0","0","STORE_SLOT","FORMAT_SLOT","Zero-byte native-image mapping slot; no managed payload.","Assembly-store structural validation only."
"567","215","0","System.Reflection.Primitives.ni.dll","0","0","STORE_SLOT","FORMAT_SLOT","Zero-byte native-image mapping slot; no managed payload.","Assembly-store structural validation only."
"568","217","0","System.Reflection.TypeExtensions.ni.dll","0","0","STORE_SLOT","FORMAT_SLOT","Zero-byte native-image mapping slot; no managed payload.","Assembly-store structural validation only."
"569","221","0","System.Resources.Reader.ni.dll","0","0","STORE_SLOT","FORMAT_SLOT","Zero-byte native-image mapping slot; no managed payload.","Assembly-store structural validation only."
"570","223","0","System.Resources.ResourceManager.ni.dll","0","0","STORE_SLOT","FORMAT_SLOT","Zero-byte native-image mapping slot; no managed payload.","Assembly-store structural validation only."
"571","225","0","System.Resources.Writer.ni.dll","0","0","STORE_SLOT","FORMAT_SLOT","Zero-byte native-image mapping slot; no managed payload.","Assembly-store structural validation only."
"572","457","0","System.Runtime.Caching.ni.dll","0","0","STORE_SLOT","FORMAT_SLOT","Zero-byte native-image mapping slot; no managed payload.","Assembly-store structural validation only."
"573","227","0","System.Runtime.CompilerServices.Unsafe.ni.dll","0","0","STORE_SLOT","FORMAT_SLOT","Zero-byte native-image mapping slot; no managed payload.","Assembly-store structural validation only."
"574","229","0","System.Runtime.CompilerServices.VisualC.ni.dll","0","0","STORE_SLOT","FORMAT_SLOT","Zero-byte native-image mapping slot; no managed payload.","Assembly-store structural validation only."
"575","231","0","System.Runtime.Extensions.ni.dll","0","0","STORE_SLOT","FORMAT_SLOT","Zero-byte native-image mapping slot; no managed payload.","Assembly-store structural validation only."
"576","233","0","System.Runtime.Handles.ni.dll","0","0","STORE_SLOT","FORMAT_SLOT","Zero-byte native-image mapping slot; no managed payload.","Assembly-store structural validation only."
"577","235","0","System.Runtime.InteropServices.JavaScript.ni.dll","0","0","STORE_SLOT","FORMAT_SLOT","Zero-byte native-image mapping slot; no managed payload.","Assembly-store structural validation only."
"578","239","0","System.Runtime.InteropServices.ni.dll","0","0","STORE_SLOT","FORMAT_SLOT","Zero-byte native-image mapping slot; no managed payload.","Assembly-store structural validation only."
"579","237","0","System.Runtime.InteropServices.RuntimeInformation.ni.dll","0","0","STORE_SLOT","FORMAT_SLOT","Zero-byte native-image mapping slot; no managed payload.","Assembly-store structural validation only."
"580","241","0","System.Runtime.Intrinsics.ni.dll","0","0","STORE_SLOT","FORMAT_SLOT","Zero-byte native-image mapping slot; no managed payload.","Assembly-store structural validation only."
"581","243","0","System.Runtime.Loader.ni.dll","0","0","STORE_SLOT","FORMAT_SLOT","Zero-byte native-image mapping slot; no managed payload.","Assembly-store structural validation only."
"582","257","0","System.Runtime.ni.dll","0","0","STORE_SLOT","FORMAT_SLOT","Zero-byte native-image mapping slot; no managed payload.","Assembly-store structural validation only."
"583","245","0","System.Runtime.Numerics.ni.dll","0","0","STORE_SLOT","FORMAT_SLOT","Zero-byte native-image mapping slot; no managed payload.","Assembly-store structural validation only."
"584","247","0","System.Runtime.Serialization.Formatters.ni.dll","0","0","STORE_SLOT","FORMAT_SLOT","Zero-byte native-image mapping slot; no managed payload.","Assembly-store structural validation only."
"585","249","0","System.Runtime.Serialization.Json.ni.dll","0","0","STORE_SLOT","FORMAT_SLOT","Zero-byte native-image mapping slot; no managed payload.","Assembly-store structural validation only."
"586","255","0","System.Runtime.Serialization.ni.dll","0","0","STORE_SLOT","FORMAT_SLOT","Zero-byte native-image mapping slot; no managed payload.","Assembly-store structural validation only."
"587","251","0","System.Runtime.Serialization.Primitives.ni.dll","0","0","STORE_SLOT","FORMAT_SLOT","Zero-byte native-image mapping slot; no managed payload.","Assembly-store structural validation only."
"588","253","0","System.Runtime.Serialization.Xml.ni.dll","0","0","STORE_SLOT","FORMAT_SLOT","Zero-byte native-image mapping slot; no managed payload.","Assembly-store structural validation only."
"589","259","0","System.Security.AccessControl.ni.dll","0","0","STORE_SLOT","FORMAT_SLOT","Zero-byte native-image mapping slot; no managed payload.","Assembly-store structural validation only."
"590","261","0","System.Security.Claims.ni.dll","0","0","STORE_SLOT","FORMAT_SLOT","Zero-byte native-image mapping slot; no managed payload.","Assembly-store structural validation only."
"591","263","0","System.Security.Cryptography.Algorithms.ni.dll","0","0","STORE_SLOT","FORMAT_SLOT","Zero-byte native-image mapping slot; no managed payload.","Assembly-store structural validation only."
"592","265","0","System.Security.Cryptography.Cng.ni.dll","0","0","STORE_SLOT","FORMAT_SLOT","Zero-byte native-image mapping slot; no managed payload.","Assembly-store structural validation only."
"593","267","0","System.Security.Cryptography.Csp.ni.dll","0","0","STORE_SLOT","FORMAT_SLOT","Zero-byte native-image mapping slot; no managed payload.","Assembly-store structural validation only."
"594","269","0","System.Security.Cryptography.Encoding.ni.dll","0","0","STORE_SLOT","FORMAT_SLOT","Zero-byte native-image mapping slot; no managed payload.","Assembly-store structural validation only."
"595","277","0","System.Security.Cryptography.ni.dll","0","0","STORE_SLOT","FORMAT_SLOT","Zero-byte native-image mapping slot; no managed payload.","Assembly-store structural validation only."
"596","271","0","System.Security.Cryptography.OpenSsl.ni.dll","0","0","STORE_SLOT","FORMAT_SLOT","Zero-byte native-image mapping slot; no managed payload.","Assembly-store structural validation only."
"597","459","0","System.Security.Cryptography.Pkcs.ni.dll","0","0","STORE_SLOT","FORMAT_SLOT","Zero-byte native-image mapping slot; no managed payload.","Assembly-store structural validation only."
"598","273","0","System.Security.Cryptography.Primitives.ni.dll","0","0","STORE_SLOT","FORMAT_SLOT","Zero-byte native-image mapping slot; no managed payload.","Assembly-store structural validation only."
"599","461","0","System.Security.Cryptography.ProtectedData.ni.dll","0","0","STORE_SLOT","FORMAT_SLOT","Zero-byte native-image mapping slot; no managed payload.","Assembly-store structural validation only."
"600","275","0","System.Security.Cryptography.X509Certificates.ni.dll","0","0","STORE_SLOT","FORMAT_SLOT","Zero-byte native-image mapping slot; no managed payload.","Assembly-store structural validation only."
"601","463","0","System.Security.Cryptography.Xml.ni.dll","0","0","STORE_SLOT","FORMAT_SLOT","Zero-byte native-image mapping slot; no managed payload.","Assembly-store structural validation only."
"602","285","0","System.Security.ni.dll","0","0","STORE_SLOT","FORMAT_SLOT","Zero-byte native-image mapping slot; no managed payload.","Assembly-store structural validation only."
"603","465","0","System.Security.Permissions.ni.dll","0","0","STORE_SLOT","FORMAT_SLOT","Zero-byte native-image mapping slot; no managed payload.","Assembly-store structural validation only."
"604","281","0","System.Security.Principal.ni.dll","0","0","STORE_SLOT","FORMAT_SLOT","Zero-byte native-image mapping slot; no managed payload.","Assembly-store structural validation only."
"605","279","0","System.Security.Principal.Windows.ni.dll","0","0","STORE_SLOT","FORMAT_SLOT","Zero-byte native-image mapping slot; no managed payload.","Assembly-store structural validation only."
"606","283","0","System.Security.SecureString.ni.dll","0","0","STORE_SLOT","FORMAT_SLOT","Zero-byte native-image mapping slot; no managed payload.","Assembly-store structural validation only."
"607","473","0","System.ServiceModel.Duplex.ni.dll","0","0","STORE_SLOT","FORMAT_SLOT","Zero-byte native-image mapping slot; no managed payload.","Assembly-store structural validation only."
"608","467","0","System.ServiceModel.Http.ni.dll","0","0","STORE_SLOT","FORMAT_SLOT","Zero-byte native-image mapping slot; no managed payload.","Assembly-store structural validation only."
"609","469","0","System.ServiceModel.NetFramingBase.ni.dll","0","0","STORE_SLOT","FORMAT_SLOT","Zero-byte native-image mapping slot; no managed payload.","Assembly-store structural validation only."
"610","471","0","System.ServiceModel.NetTcp.ni.dll","0","0","STORE_SLOT","FORMAT_SLOT","Zero-byte native-image mapping slot; no managed payload.","Assembly-store structural validation only."
"611","479","0","System.ServiceModel.ni.dll","0","0","STORE_SLOT","FORMAT_SLOT","Zero-byte native-image mapping slot; no managed payload.","Assembly-store structural validation only."
"612","475","0","System.ServiceModel.Primitives.ni.dll","0","0","STORE_SLOT","FORMAT_SLOT","Zero-byte native-image mapping slot; no managed payload.","Assembly-store structural validation only."
"613","477","0","System.ServiceModel.Security.ni.dll","0","0","STORE_SLOT","FORMAT_SLOT","Zero-byte native-image mapping slot; no managed payload.","Assembly-store structural validation only."
"614","481","0","System.ServiceModel.Syndication.ni.dll","0","0","STORE_SLOT","FORMAT_SLOT","Zero-byte native-image mapping slot; no managed payload.","Assembly-store structural validation only."
"615","287","0","System.ServiceModel.Web.ni.dll","0","0","STORE_SLOT","FORMAT_SLOT","Zero-byte native-image mapping slot; no managed payload.","Assembly-store structural validation only."
"616","289","0","System.ServiceProcess.ni.dll","0","0","STORE_SLOT","FORMAT_SLOT","Zero-byte native-image mapping slot; no managed payload.","Assembly-store structural validation only."
"617","483","0","System.ServiceProcess.ServiceController.ni.dll","0","0","STORE_SLOT","FORMAT_SLOT","Zero-byte native-image mapping slot; no managed payload.","Assembly-store structural validation only."
"618","485","0","System.Speech.ni.dll","0","0","STORE_SLOT","FORMAT_SLOT","Zero-byte native-image mapping slot; no managed payload.","Assembly-store structural validation only."
"619","291","0","System.Text.Encoding.CodePages.ni.dll","0","0","STORE_SLOT","FORMAT_SLOT","Zero-byte native-image mapping slot; no managed payload.","Assembly-store structural validation only."
"620","293","0","System.Text.Encoding.Extensions.ni.dll","0","0","STORE_SLOT","FORMAT_SLOT","Zero-byte native-image mapping slot; no managed payload.","Assembly-store structural validation only."
"621","295","0","System.Text.Encoding.ni.dll","0","0","STORE_SLOT","FORMAT_SLOT","Zero-byte native-image mapping slot; no managed payload.","Assembly-store structural validation only."
"622","297","0","System.Text.Encodings.Web.ni.dll","0","0","STORE_SLOT","FORMAT_SLOT","Zero-byte native-image mapping slot; no managed payload.","Assembly-store structural validation only."
"623","299","0","System.Text.Json.ni.dll","0","0","STORE_SLOT","FORMAT_SLOT","Zero-byte native-image mapping slot; no managed payload.","Assembly-store structural validation only."
"624","301","0","System.Text.RegularExpressions.ni.dll","0","0","STORE_SLOT","FORMAT_SLOT","Zero-byte native-image mapping slot; no managed payload.","Assembly-store structural validation only."
"625","303","0","System.Threading.AccessControl.ni.dll","0","0","STORE_SLOT","FORMAT_SLOT","Zero-byte native-image mapping slot; no managed payload.","Assembly-store structural validation only."
"626","305","0","System.Threading.Channels.ni.dll","0","0","STORE_SLOT","FORMAT_SLOT","Zero-byte native-image mapping slot; no managed payload.","Assembly-store structural validation only."
"627","323","0","System.Threading.ni.dll","0","0","STORE_SLOT","FORMAT_SLOT","Zero-byte native-image mapping slot; no managed payload.","Assembly-store structural validation only."
"628","307","0","System.Threading.Overlapped.ni.dll","0","0","STORE_SLOT","FORMAT_SLOT","Zero-byte native-image mapping slot; no managed payload.","Assembly-store structural validation only."
"629","309","0","System.Threading.Tasks.Dataflow.ni.dll","0","0","STORE_SLOT","FORMAT_SLOT","Zero-byte native-image mapping slot; no managed payload.","Assembly-store structural validation only."
"630","311","0","System.Threading.Tasks.Extensions.ni.dll","0","0","STORE_SLOT","FORMAT_SLOT","Zero-byte native-image mapping slot; no managed payload.","Assembly-store structural validation only."
"631","315","0","System.Threading.Tasks.ni.dll","0","0","STORE_SLOT","FORMAT_SLOT","Zero-byte native-image mapping slot; no managed payload.","Assembly-store structural validation only."
"632","313","0","System.Threading.Tasks.Parallel.ni.dll","0","0","STORE_SLOT","FORMAT_SLOT","Zero-byte native-image mapping slot; no managed payload.","Assembly-store structural validation only."
"633","317","0","System.Threading.Thread.ni.dll","0","0","STORE_SLOT","FORMAT_SLOT","Zero-byte native-image mapping slot; no managed payload.","Assembly-store structural validation only."
"634","319","0","System.Threading.ThreadPool.ni.dll","0","0","STORE_SLOT","FORMAT_SLOT","Zero-byte native-image mapping slot; no managed payload.","Assembly-store structural validation only."
"635","321","0","System.Threading.Timer.ni.dll","0","0","STORE_SLOT","FORMAT_SLOT","Zero-byte native-image mapping slot; no managed payload.","Assembly-store structural validation only."
"636","325","0","System.Transactions.Local.ni.dll","0","0","STORE_SLOT","FORMAT_SLOT","Zero-byte native-image mapping slot; no managed payload.","Assembly-store structural validation only."
"637","327","0","System.Transactions.ni.dll","0","0","STORE_SLOT","FORMAT_SLOT","Zero-byte native-image mapping slot; no managed payload.","Assembly-store structural validation only."
"638","329","0","System.ValueTuple.ni.dll","0","0","STORE_SLOT","FORMAT_SLOT","Zero-byte native-image mapping slot; no managed payload.","Assembly-store structural validation only."
"639","331","0","System.Web.HttpUtility.ni.dll","0","0","STORE_SLOT","FORMAT_SLOT","Zero-byte native-image mapping slot; no managed payload.","Assembly-store structural validation only."
"640","333","0","System.Web.ni.dll","0","0","STORE_SLOT","FORMAT_SLOT","Zero-byte native-image mapping slot; no managed payload.","Assembly-store structural validation only."
"641","487","0","System.Web.Services.Description.ni.dll","0","0","STORE_SLOT","FORMAT_SLOT","Zero-byte native-image mapping slot; no managed payload.","Assembly-store structural validation only."
"642","489","0","System.Windows.Extensions.ni.dll","0","0","STORE_SLOT","FORMAT_SLOT","Zero-byte native-image mapping slot; no managed payload.","Assembly-store structural validation only."
"643","335","0","System.Windows.ni.dll","0","0","STORE_SLOT","FORMAT_SLOT","Zero-byte native-image mapping slot; no managed payload.","Assembly-store structural validation only."
"644","337","0","System.Xml.Linq.ni.dll","0","0","STORE_SLOT","FORMAT_SLOT","Zero-byte native-image mapping slot; no managed payload.","Assembly-store structural validation only."
"645","353","0","System.Xml.ni.dll","0","0","STORE_SLOT","FORMAT_SLOT","Zero-byte native-image mapping slot; no managed payload.","Assembly-store structural validation only."
"646","339","0","System.Xml.ReaderWriter.ni.dll","0","0","STORE_SLOT","FORMAT_SLOT","Zero-byte native-image mapping slot; no managed payload.","Assembly-store structural validation only."
"647","341","0","System.Xml.Serialization.ni.dll","0","0","STORE_SLOT","FORMAT_SLOT","Zero-byte native-image mapping slot; no managed payload.","Assembly-store structural validation only."
"648","343","0","System.Xml.XDocument.ni.dll","0","0","STORE_SLOT","FORMAT_SLOT","Zero-byte native-image mapping slot; no managed payload.","Assembly-store structural validation only."
"649","349","0","System.Xml.XmlDocument.ni.dll","0","0","STORE_SLOT","FORMAT_SLOT","Zero-byte native-image mapping slot; no managed payload.","Assembly-store structural validation only."
"650","351","0","System.Xml.XmlSerializer.ni.dll","0","0","STORE_SLOT","FORMAT_SLOT","Zero-byte native-image mapping slot; no managed payload.","Assembly-store structural validation only."
"651","347","0","System.Xml.XPath.ni.dll","0","0","STORE_SLOT","FORMAT_SLOT","Zero-byte native-image mapping slot; no managed payload.","Assembly-store structural validation only."
"652","345","0","System.Xml.XPath.XDocument.ni.dll","0","0","STORE_SLOT","FORMAT_SLOT","Zero-byte native-image mapping slot; no managed payload.","Assembly-store structural validation only."
"653","537","0","tr/Microsoft.CodeAnalysis.CSharp.resources.ni.dll","0","0","STORE_SLOT","FORMAT_SLOT","Zero-byte native-image mapping slot; no managed payload.","Assembly-store structural validation only."
"654","511","0","tr/Microsoft.CodeAnalysis.resources.ni.dll","0","0","STORE_SLOT","FORMAT_SLOT","Zero-byte native-image mapping slot; no managed payload.","Assembly-store structural validation only."
"655","563","0","tr/System.ServiceModel.Http.resources.ni.dll","0","0","STORE_SLOT","FORMAT_SLOT","Zero-byte native-image mapping slot; no managed payload.","Assembly-store structural validation only."
"656","589","0","tr/System.ServiceModel.NetFramingBase.resources.ni.dll","0","0","STORE_SLOT","FORMAT_SLOT","Zero-byte native-image mapping slot; no managed payload.","Assembly-store structural validation only."
"657","615","0","tr/System.ServiceModel.NetTcp.resources.ni.dll","0","0","STORE_SLOT","FORMAT_SLOT","Zero-byte native-image mapping slot; no managed payload.","Assembly-store structural validation only."
"658","641","0","tr/System.ServiceModel.Primitives.resources.ni.dll","0","0","STORE_SLOT","FORMAT_SLOT","Zero-byte native-image mapping slot; no managed payload.","Assembly-store structural validation only."
"659","667","0","tr/System.Web.Services.Description.resources.ni.dll","0","0","STORE_SLOT","FORMAT_SLOT","Zero-byte native-image mapping slot; no managed payload.","Assembly-store structural validation only."
"660","357","0","WindowsBase.ni.dll","0","0","STORE_SLOT","FORMAT_SLOT","Zero-byte native-image mapping slot; no managed payload.","Assembly-store structural validation only."
"661","539","0","zh-Hans/Microsoft.CodeAnalysis.CSharp.resources.ni.dll","0","0","STORE_SLOT","FORMAT_SLOT","Zero-byte native-image mapping slot; no managed payload.","Assembly-store structural validation only."
"662","513","0","zh-Hans/Microsoft.CodeAnalysis.resources.ni.dll","0","0","STORE_SLOT","FORMAT_SLOT","Zero-byte native-image mapping slot; no managed payload.","Assembly-store structural validation only."
"663","565","0","zh-Hans/System.ServiceModel.Http.resources.ni.dll","0","0","STORE_SLOT","FORMAT_SLOT","Zero-byte native-image mapping slot; no managed payload.","Assembly-store structural validation only."
"664","591","0","zh-Hans/System.ServiceModel.NetFramingBase.resources.ni.dll","0","0","STORE_SLOT","FORMAT_SLOT","Zero-byte native-image mapping slot; no managed payload.","Assembly-store structural validation only."
"665","617","0","zh-Hans/System.ServiceModel.NetTcp.resources.ni.dll","0","0","STORE_SLOT","FORMAT_SLOT","Zero-byte native-image mapping slot; no managed payload.","Assembly-store structural validation only."
"666","643","0","zh-Hans/System.ServiceModel.Primitives.resources.ni.dll","0","0","STORE_SLOT","FORMAT_SLOT","Zero-byte native-image mapping slot; no managed payload.","Assembly-store structural validation only."
"667","669","0","zh-Hans/System.Web.Services.Description.resources.ni.dll","0","0","STORE_SLOT","FORMAT_SLOT","Zero-byte native-image mapping slot; no managed payload.","Assembly-store structural validation only."
"668","541","0","zh-Hant/Microsoft.CodeAnalysis.CSharp.resources.ni.dll","0","0","STORE_SLOT","FORMAT_SLOT","Zero-byte native-image mapping slot; no managed payload.","Assembly-store structural validation only."
"669","515","0","zh-Hant/Microsoft.CodeAnalysis.resources.ni.dll","0","0","STORE_SLOT","FORMAT_SLOT","Zero-byte native-image mapping slot; no managed payload.","Assembly-store structural validation only."
"670","567","0","zh-Hant/System.ServiceModel.Http.resources.ni.dll","0","0","STORE_SLOT","FORMAT_SLOT","Zero-byte native-image mapping slot; no managed payload.","Assembly-store structural validation only."
"671","593","0","zh-Hant/System.ServiceModel.NetFramingBase.resources.ni.dll","0","0","STORE_SLOT","FORMAT_SLOT","Zero-byte native-image mapping slot; no managed payload.","Assembly-store structural validation only."
"672","619","0","zh-Hant/System.ServiceModel.NetTcp.resources.ni.dll","0","0","STORE_SLOT","FORMAT_SLOT","Zero-byte native-image mapping slot; no managed payload.","Assembly-store structural validation only."
"673","645","0","zh-Hant/System.ServiceModel.Primitives.resources.ni.dll","0","0","STORE_SLOT","FORMAT_SLOT","Zero-byte native-image mapping slot; no managed payload.","Assembly-store structural validation only."
"674","671","0","zh-Hant/System.Web.Services.Description.resources.ni.dll","0","0","STORE_SLOT","FORMAT_SLOT","Zero-byte native-image mapping slot; no managed payload.","Assembly-store structural validation only."
